uuid,name,location,timestamp_sent,timestamp_completed
6c54c5f3-78bf-4d31-a06f-6d0f68e9f042,Seed Beads,Cabinet 3,1695956194.842946,1696281457.775988
,,Fabric,1696106783.537074,1696279071.421318
,,Pegboard 1,1696106820.441048,1696279043.672329
0bfef756-b8fc-48eb-a688-0f64db2d46fd,Sewing Machine Screw Drivers,Pegboard 1,1696300261.608438,1696614972.130854
,,Cabinet 3,1696460698.281946,1696614250.010368
,,Spraypaint,1696461108.810528,1697763497.52571
,,Fabric,1696877313.983467,1697763502.260204
53fa5efd-fd71-41ea-9cfd-588ff1fcadd9,Cross stitch books,Fabric,1697080597.089225,1697763876.858576
,,Fabric,1697083472.695793,1697821182.853533
ba1659ce-c279-4031-bc70-f75b4498e9f1,Felt Sheets,Fabric,1697251803.57785,1698086570.871673
14868e71-9eec-4aab-ac73-9ae700dfbde2,Plastic Clips,Pegboard 1,1697263986.519822,1697821422.771044
,,Fabric,1697480760.790917,1697821177.486531
afde04e1-4135-496c-903e-dd5a2d4a1334,Tacky Glue,Cabinet 5,1697495703.074561,1697763525.199996
36e61fbd-e3bb-416f-bb19-a7158d99f83d,Safety Pins,Cabinet 3,1697668218.928047,1697821244.185938
,,Cabinet 4,1697759339.955657,1697763533.195433
c1ec3785-c59d-444e-9d20-bb3c295c5285,Laser Cutter Replacement Parts,Laser3D,1697759645.116538,1697821430.140735
afde04e1-4135-496c-903e-dd5a2d4a1334,Tacky Glue,Cabinet 5,1697760489.232125,1697763539.794803
0c2560e0-19a9-4e0c-a535-83f64667af68,Thread Cutters,Pegboard 1,1697762505.542257,1697763544.230685
d73be226-2872-4449-9d4d-93eed9a427fd,Spool Pins,Pegboard 1,1698011710.678571,1698086746.012018
1f69a450-c18f-41a6-92c9-0f4b56fb09e5,Ear Plugs,Cage/Crypt/Other,1698450441.710774,1698450717.140155
,,Cabinet 11,1698783410.319078,1699309847.11886
a2615d91-1200-4709-a738-99bd4970f1c6,Tiny Thread,Pegboard 1,1699306049.441575,1699310228.387711
9efbdf77-b302-44fc-9911-9b46c09305d5,Nuts and Bolts,Cabinet 9,1699400533.066211,1701107910.44892
,,Cabinet 7,1699750188.949257,1701108516.125896
,,Electronics,1699931150.945264,1701108568.898697
0d3b5b30-caa4-4f00-ab19-b4c7e49de78e,Assorted Metal Jewelry Chain,Cabinet 3,1700179611.33976,1702590156.843258
,,Cabinet 3,1700179648.308631,1702590161.10592
,,Cabinet 3,1700425554.70996,1702590153.51161
,,Cabinet 11,1700614638.65969,1701108869.706883
0d3b5b30-caa4-4f00-ab19-b4c7e49de78e,Assorted Metal Jewelry Chain,Cabinet 3,1700812962.056758,1702590149.3969
,,Cabinet 7,1701124867.827547,1701797035.951637
,,Cabinet 7,1701302983.87066,1701797104.809003
12d12f6e-ed9a-4cc2-bd72-693332007e03,Wooden Buttons,Pegboard 1,1701304474.815267,1701797447.817904
,,Fabric,1701482923.686394,1701797306.214889
,,Pegboard 1,1701724001.902764,1701797219.091963
afde04e1-4135-496c-903e-dd5a2d4a1334,Tacky Glue,Cabinet 5,1701733373.299715,1701797311.714772
,,Cabinet 7,1701815977.39271,1701991279.621983
3527a1365517480c944ac6cd47a39a34,"Blue Masking Tape (2"")",Cabinet 5,1701815996.403307,1702337052.016029
afde04e1-4135-496c-903e-dd5a2d4a1334,Tacky Glue,Cabinet 5,1701880722.100118,1702337000.835736
,,Cabinet 4,1702603037.894423,1704749712.954026
,,LFP,1705691530.169262,1705691544.085538
ed208466-304b-4e03-9658-ad1c4edff861,Red Cardstock,Cabinet 7,1705709440.282407,1706749398.175212
,,Fabric,1705979735.719344,1706749359.821068
4dcad653-4e8b-491c-9142-e2f3aa0cda3a,Mixed Beads,Cabinet 3,1705982472.752256,1706749295.865346
36e61fbd-e3bb-416f-bb19-a7158d99f83d,Safety Pins,Cabinet 3,1705986027.362487,1706749517.099488
4dcad653-4e8b-491c-9142-e2f3aa0cda3a,Mixed Beads,Cabinet 3,1706145099.011038,1706749301.266387
,,Fabric,1706491421.299496,1706749459.144135
3923b5db-d92c-4502-a9f1-babd14c65684,Ziploc Plastic Bags (Gallon),Cabinet 2,1706742877.958148,1706749406.1878
2dcbc1b0-649e-4461-9e67-25e0fdd6319b,Multicolored Ribbon,Cabinet 6,1706743354.560315,1707264057.775202
2dcbc1b0-649e-4461-9e67-25e0fdd6319b,Multicolored Ribbon,Cabinet 6,1707024278.953594,1707264046.808568
0d75d077-455c-4da1-aabc-a9f65ed11089,Black Sharpies,Cabinet 4,1707195562.307147,1707242330.3217
3527a1365517480c944ac6cd47a39a34,"Blue Masking Tape (2"")",Cabinet 5,1707345545.948513,1707413719.021929
,,Cabinet 3,1707345598.204032,1707413652.353368
c8fdf68c-1969-4501-b337-760dc68790aa,Plastic Lacing Cord,Cabinet 3,1707346909.478747,1707413608.666488
,,Cabinet 5,1707884910.583802,1708565811.693263
cd81c90cd52e49b79df647fb94d6a113,Scotch Tape,Cabinet 5,1707958689.505538,1708565639.653004
97a3db38-e2e6-4e45-99e8-dda69d86f673,Compressed Air,Cage/Crypt/Other,1708029266.66624,1708650283.615893
0c2560e0-19a9-4e0c-a535-83f64667af68,Thread Cutters,Pegboard 1,1708047397.702178,1708542607.148355
aa8721fe-9593-403e-84d1-b29313437730,Dremel ,Cage/Crypt/Other,1708302853.743684,1708647197.634965
e2c291b9-e151-4028-8752-ed67382af45e,Scrap Cardstock Paper,Cabinet 7,1708305550.786118,1708565656.718558
cb06d176-039d-4000-a073-048dcbe31bc7,Dot Stickers,Cage/Crypt/Other,1708395991.985686,1708565702.407551
9f77de86-2a53-4a37-ab84-98e9392395e2,Elastic String,Cabinet 3,1708554755.369337,1708565507.157411
afde04e1-4135-496c-903e-dd5a2d4a1334,Tacky Glue,Cabinet 5,1708990581.795809,1709245481.117572
11c3a63d-4cab-4ddc-9324-7eb65a736910,"Battery, Nikon",Studio,1709237918.904837,1709245619.257752
,,Laser3D,1709240314.542844,1709246458.784069
b15434f3-549a-420e-919e-da8857c99459,LFP Matte Paper,LFP,1709240422.855686,1709602428.81979
,,LFP,1709240481.646612,1709602417.707981
7b2f4ae2-1876-4f30-914e-cb767e74e620,LFP8000 Vivid Magenta Ink,LFP,1709240511.835153,1709602404.552806
14868e71-9eec-4aab-ac73-9ae700dfbde2,Plastic Clips,Pegboard 1,1709248520.2691,1709336576.039797
3b6cbb38-c9d4-44d3-9789-cfc9ebda76b0,Safety Eyes,Pegboard 1,1709248698.470481,1709336681.467643
d73be226-2872-4449-9d4d-93eed9a427fd,Spool Pins,Pegboard 1,1709251785.346983,1709332019.018403
e2c291b9-e151-4028-8752-ed67382af45e,Scrap Cardstock Paper,Cabinet 7,1709258373.889032,1709336650.50653
7dd39576-3f22-4584-b613-e4461dfb44ae,Glue Dots,Cabinet 5,1709513108.708017,1709590628.14374
aaec1e37-dff0-491d-b4db-9f5f453d4fa6,USB-C SD Card Reader,Cage/Crypt/Other,1709770135.349381,1709830580.121137
20957239-99f9-4255-8bf2-e6598453c8d4,HDMI to HDMI micro Cable,Studio,1709843330.922277,1710793835.308013
b6cd482a-ea64-4009-ace9-dd8a7982ac18,Laminator Sheets (Business Card Size),Cage/Crypt/Other,1710816179.328867,1710869498.897201
53fa5efd-fd71-41ea-9cfd-588ff1fcadd9,Cross stitch books,Fabric,1710972761.540242,1711061834.111829
d8f2ddae6e69464e8f788a4e99af7add,Paint Sponges,Cabinet 4,1710983067.424636,1711061818.182833
,,Laser3D,1710990306.081236,1711061654.715968
33e39f8f-e2ca-4c67-9400-ee7c3d1c1313,"Beige Masking Tape (1"")",Cabinet 5,1711322833.194079,1711410930.024799
4f992fab-7468-4369-85a6-4f1beb4f2f66,Hammers,Cabinet 11,1711324207.492763,1711410925.90848
20cab6ee-ae82-4a5f-83a3-08afdc32780a,Spare Cricut Supplies,Cage/Crypt/Other,1711324559.93873,1711410919.809729
6b40e62f-3af4-4099-8fe5-cf2b4464ec17,Darning Plate,Pegboard 1,1711497375.673178,1711581807.806759
14868e71-9eec-4aab-ac73-9ae700dfbde2,Plastic Clips,Pegboard 1,1711497386.697773,1711581818.046013
30efbe2e-36be-4ee6-a181-3c5bd3035508,Serger books,Fabric,1711578686.547011,1711581797.687601
0e456011-4f20-408e-b703-7a71670c7a58,Key Rings,Cabinet 3,1711579291.199791,1711581827.971354
,,Fabric,1711588269.845928,1711648278.502646
,,Cabinet 7,1711685513.367781,1711733117.694248
ed208466-304b-4e03-9658-ad1c4edff861,Red Cardstock,Cabinet 7,1711734532.095902,1712081198.941794
,,Cabinet 9,1712004650.652787,1712081213.434605
d73be226-2872-4449-9d4d-93eed9a427fd,Spool Pins,Pegboard 1,1712033800.548869,1712186465.551186
9812ac2e-862f-4455-bfb6-d8065867ded5,Silver Sharpies,Cabinet 4,1712181379.068014,1712186458.496984
9812ac2e-862f-4455-bfb6-d8065867ded5,Silver Sharpies,Cabinet 4,1712181485.768937,1712186399.1361
e78709de-4228-4e1b-9f14-783c9fe5600b,Scissors,Cabinet 3,1712181871.009512,1712186434.241115
33aaf7d02a884ae48700995fc2157d7c,Paint Palettes,Cabinet 4,1712181904.200988,1712252770.744729
896ae905-1595-4c4e-9ff5-7494c9f8e94f,Yellow Ribbon,Cabinet 6,1712187284.513572,1712252752.59149
12d8fce3-542a-4398-bcf3-054064b9c6b9,Beige Buttons,Cage/Crypt/Other,1712283665.421895,1712594600.178471
9f77de86-2a53-4a37-ab84-98e9392395e2,Elastic String,Cabinet 3,1712358381.13051,1712594595.564957
33e39f8f-e2ca-4c67-9400-ee7c3d1c1313,"Beige Masking Tape (1"")",Cabinet 5,1712359412.868089,1712594591.440141
,,Fabric,1712360613.134626,1712594585.457694
b489a235-9200-4ec6-9c50-889960973c4c,Medium Metal Magnets,Cabinet 2,1712614613.839854,1712619208.115337
8033ec82-f89b-403d-b7d9-0cdd3da01ee7,Brown Ribbon,Cabinet 6,1712616438.016242,1712619202.346454
d8f2ddae6e69464e8f788a4e99af7add,Paint Sponges,Cabinet 4,1712616526.330929,1712619194.836979
,,Cabinet 11,1712616907.119069,1712619166.860839
0e456011-4f20-408e-b703-7a71670c7a58,Key Rings,Cabinet 3,1712628598.636346,1712691906.761311
c1ec3785-c59d-444e-9d20-bb3c295c5285,Laser Cutter Replacement Parts,Laser3D,1712701872.762106,1712883418.97122
e6649183-d5c7-4f56-9fc2-dae11522cec1,Spray Paint Gun Kit,Cage/Crypt/Other,1712717850.521545,1712776137.432192
,,Cabinet 11,1712782012.449114,1712782578.041141
,,Cabinet 5,1713214996.565047,1713219833.800885
,,Cabinet 11,1713238323.254569,1713297977.401559
d1ca216c-64d8-4063-8a60-135c57f2a9ac,"Pre-Packaged Sets of 50 Large Buttons (2.25"")",Cage/Crypt/Other,1713238672.378363,1713397535.259544
d1ca216c-64d8-4063-8a60-135c57f2a9ac,"Pre-Packaged Sets of 50 Large Buttons (2.25"")",Cage/Crypt/Other,1713238806.245003,1713397529.348528
3527a1365517480c944ac6cd47a39a34,"Blue Masking Tape (2"")",Cabinet 5,1713238951.621171,1713297969.009502
,,Cabinet 11,1713398897.255858,1713399468.729021
33aaf7d02a884ae48700995fc2157d7c,Paint Palettes,Cabinet 4,1713470361.602769,1713890085.832757
,,Cabinet 7,1713501287.146035,1713890114.011867
f425db72-a9c6-4fbd-a3a8-38afab8adbb4,T-pins,Pegboard 1,1713592207.298852,1713890108.505555
f425db72-a9c6-4fbd-a3a8-38afab8adbb4,T-pins,Pegboard 1,1713592241.709866,1713890100.342031
,,Cabinet 7,1713660079.191168,1713890093.420183
afde04e1-4135-496c-903e-dd5a2d4a1334,Tacky Glue,Cabinet 5,1714086658.19933,1714409249.813684
1fa009d250344e9081e0fb66a7389162,Leather & Suede Glue,Cabinet 5,1714086799.760666,1714409246.89509
1963d245-5ced-4b68-8e73-83c210c8a0ed,Instant Epoxy (Bottled),Cabinet 5,1714086951.302848,1714409243.74649
7a8d0ba5-1b4b-4ad1-b192-dcb5c81be052,Plastic Bobbins,Pegboard 1,1714087029.696157,1714409239.983614
0c2560e0-19a9-4e0c-a535-83f64667af68,Thread Cutters,Pegboard 1,1714087110.069496,1714409236.931761
cd81c90cd52e49b79df647fb94d6a113,Scotch Tape,Cabinet 5,1714105652.583637,1714409233.384966
c7927fa73f7348969e8dba7f62a0430c,Heavy Duty Straps,Cage/Crypt/Other,1716494932.606651,1716925319.675508
c157a16f-ab60-42e5-82fa-a4c01408eb2c,Fabric Tape,Pegboard 1,1716494961.422773,1716925356.814713
,,Fabric,1716494990.510759,1716925360.491019
,,Pegboard 1,1716495011.312357,1716925366.348609
,,Cabinet 6,1716495035.337028,1716925371.230096
,,Cabinet 6,1716495045.521505,1716925399.934074
,,Cabinet 6,1716495060.422776,1716925403.683936
,,Pegboard 1,1716495080.381812,1716925407.602954
,,Pegboard 1,1716495089.271104,1716925415.627001
,,Fabric,1716495102.458158,1716925419.93278
,,Fabric,1716495118.227291,1716925428.483737
,,Fabric,1716495136.254452,1716925507.021778
,,Cabinet 5,1716495154.382152,1716925504.089006
b2ed05a5-daf4-45fd-bc20-9f753355a373,Round Nose Pliers,Cabinet 3,1716495328.276626,1716925535.328132
9148909a-efe7-4b45-8f08-f9e7bc0a3bf5,Nut Drivers,Cabinet 11,1716495357.321426,1716925553.699178
,,Cabinet 11,1716495406.32878,1716925589.225922
51d2642b-f83b-4dbd-99a1-60e819969c94,Plastic Jewelry Cord,Cabinet 3,1716495974.029367,1716925610.929593
9f77de86-2a53-4a37-ab84-98e9392395e2,Elastic String,Cabinet 3,1716496035.629752,1716925621.638512
d73be226-2872-4449-9d4d-93eed9a427fd,Spool Pins,Pegboard 1,1716496086.457298,1716925630.478858
36e61fbd-e3bb-416f-bb19-a7158d99f83d,Safety Pins,Cabinet 3,1716496478.982442,1716925653.151057
0d3b5b30-caa4-4f00-ab19-b4c7e49de78e,Assorted Metal Jewelry Chain,Cabinet 3,1716496521.770587,1717000260.320871
,,Cabinet 3,1716496574.853784,1716925749.895278
36e61fbd-e3bb-416f-bb19-a7158d99f83d,Safety Pins,Cabinet 3,1716496597.688443,1716925769.032645
51d2642b-f83b-4dbd-99a1-60e819969c94,Plastic Jewelry Cord,Cabinet 3,1716496619.056285,1716925856.648794
0d3b5b30-caa4-4f00-ab19-b4c7e49de78e,Assorted Metal Jewelry Chain,Cabinet 3,1716496637.59554,1716925817.27419
0d3b5b30-caa4-4f00-ab19-b4c7e49de78e,Assorted Metal Jewelry Chain,Cabinet 3,1716496657.8113,1716925834.136616
1981b060-de34-4ce1-992d-e9449927a14d,Rubber Bands,Cabinet 3,1716496682.058094,1716925952.552215
36e61fbd-e3bb-416f-bb19-a7158d99f83d,Safety Pins,Cabinet 3,1716496701.595545,1717000482.788948
6c54c5f3-78bf-4d31-a06f-6d0f68e9f042,Seed Beads,Cabinet 3,1716496717.27734,1716932144.312307
85c93576-6216-4927-8e78-9f3ebd85e8e4,Pony Beads,Cabinet 3,1716496733.960642,1716932158.742159
85c93576-6216-4927-8e78-9f3ebd85e8e4,Pony Beads,Cabinet 3,1716496749.805482,1716932171.220389
afde04e1-4135-496c-903e-dd5a2d4a1334,Tacky Glue,Cabinet 5,1716496766.498741,1716932199.13634
3923b5db-d92c-4502-a9f1-babd14c65684,Ziploc Plastic Bags (Gallon),Cabinet 2,1716496787.677199,1716932214.859916
9f77de86-2a53-4a37-ab84-98e9392395e2,Elastic String,Cabinet 3,1716496807.164383,1716932242.971358
06a20115-5e51-4bfc-992a-b5086d4924ad,Push Pins,Cabinet 3,1716496905.662044,1716932230.116419
3616172d-9978-4818-afab-bd2ad148c242,Parchment Paper,Cage/Crypt/Other,1716496917.728724,1717000173.802703
,,Cabinet 7,1716496991.347293,1716932259.563463
,,Cabinet 4,1716497010.402572,1716932273.237553
,,Cabinet 7,1716497027.50443,1716932635.98305
6a43aff1-e3a3-4e49-bc7c-fccb7884223b,Suede Lace,Cabinet 2,1716498415.710509,1716932377.034667
,,Cabinet 11,1716498453.372887,1716932301.151875
,,Cabinet 7,1716498476.284728,1716932424.763954
,,Cabinet 6,1716499208.824634,1716932395.983873
6cc21e39-8969-4c0e-93d4-66976c312308,Colored Sharpies,Cabinet 4,1716499875.961269,1716932410.997606
0d75d077-455c-4da1-aabc-a9f65ed11089,Black Sharpies,Cabinet 4,1716499897.176803,1716932441.222923
d8f2ddae6e69464e8f788a4e99af7add,Paint Sponges,Cabinet 4,1716499924.089819,1716932644.469295
41de54c5-c4ca-4946-be7b-dedd89032b4c,Isopropyl Alcohol,Laser3D,1716499959.363807,1716932477.339056
6cc21e39-8969-4c0e-93d4-66976c312308,Colored Sharpies,Cabinet 4,1716499980.122335,1716932456.74036
,,Cabinet 9,1716500031.643081,1716932660.165908
09bb2a8bb870464a8e94a89fa3b18425,Oil Pastel Sets,Cabinet 4,1716500060.723313,1716932789.66175
0966d572-162a-4f20-9e9d-60b40aa2ad1d,Dip Fountain Pens,Cabinet 4,1716500085.032941,1716932691.785178
0966d572-162a-4f20-9e9d-60b40aa2ad1d,Dip Fountain Pens,Cabinet 4,1716500112.387568,1716932705.32983
535e90c0ae4e44cd9959760a481f356a,Matte Fabric Paint,Cabinet 4,1716501896.054532,1716932680.254349
dc7f1b90-0496-461c-bb28-1a0b0988c630,Markers,Cabinet 4,1716501931.511434,1716932719.619134
58c47b66-e6bb-4198-8924-6a464b069047,Misc. Hardware,Cabinet 9,1716503296.635493,1716932733.160472
47e2cc33-e0c1-4479-8254-a14183e2c835,Needle Files,Cabinet 11,1716503323.338635,1716932745.092811
3df72cbf-46c4-42d9-9a91-558f2d6957ce,Spare Deburring Blades,Cabinet 11,1716503336.319329,1716932777.199703
be878f28-8da7-4b85-b295-0689f9baae5d,Ceramic Magnets,Cabinet 2,1716504821.419739,1716932762.617192
be878f28-8da7-4b85-b295-0689f9baae5d,Ceramic Magnets,Cabinet 2,1716504854.658603,1716932822.141419
b489a235-9200-4ec6-9c50-889960973c4c,Medium Metal Magnets,Cabinet 2,1716504869.494821,1716932846.155761
dfa7a7ab-db42-4b83-85ad-a9824a2944ab,Ziploc Plastic Bags (Quart),Cabinet 2,1716504899.911641,1716932896.107152
28365636-a773-43b9-83f3-d92a77a7e0a9,Extra Signage,Cage/Crypt/Other,1716504954.768495,1716932857.808192
,,Cabinet 7,1716505084.500413,1716932908.711283
,,Cabinet 5,1716505128.715338,1716932943.176037
,,Cabinet 7,1716505146.811871,1716932923.432874
aea28393-27bf-4ea0-9a44-d3023858dccf,"Large Wooden Dowels (1/4"" x 12"")",Cabinet 2,1716505266.468565,1716932955.407126
aea28393-27bf-4ea0-9a44-d3023858dccf,"Large Wooden Dowels (1/4"" x 12"")",Cabinet 2,1716505285.772885,1716932965.735482
ee6bd718-f1ac-49de-ba3c-116a0bd7e2b5,Paper Clips,Cabinet 3,1716505308.359968,1716932977.25505
0e456011-4f20-408e-b703-7a71670c7a58,Key Rings,Cabinet 3,1716505326.38419,1716932988.753294
603d2611e44140a59b8cafb3a5aaa888,Clothes Pins,Cabinet 2,1716505360.848442,1716933005.948559
14c794ae-b164-4e2f-a04a-bf24a54e76a9,Tassels,Pegboard 1,1716505387.708365,1716933031.780962
,,Fabric,1716505419.492702,1716933046.422945
,,Fabric,1716505591.323219,1716933058.517285
,,Cabinet 7,1716505608.697243,1716933067.951493
,,Cabinet 9,1716505621.954398,1716933078.940448
,,Cabinet 9,1716505628.68005,1716933183.168788
4dcad653-4e8b-491c-9142-e2f3aa0cda3a,Mixed Beads,Cabinet 3,1716505657.271166,1716932344.126557
,,Cabinet 3,1716505680.121537,1716933169.762994
,,Cabinet 5,1716505695.061737,1716932331.400197
cd81c90cd52e49b79df647fb94d6a113,Scotch Tape,Cabinet 5,1716505725.528246,1716932360.801221
,,Cabinet 3,1716507861.695966,1716932318.823505
72502462-5cab-42c2-8cbb-2d2b98a746ff,Super Glue,Cage/Crypt/Other,1716508679.028318,1716999212.820756
df965167-85ff-496e-96bd-383f3ab6d3a7,Acrylic Paint,Cabinet 4,1716508804.562969,1717000408.926399
34f4fdf4-ac1e-45fa-b219-4f3c3c2e5e40,Chip Brushes,Cabinet 4,1716508967.247385,1716998998.087619
935b9253-a382-4283-a8a8-f70b2204622a,Hair Ties,Cage/Crypt/Other,1716509118.383833,1721155016.419858
8d98eb67-5c9c-47a2-a304-af7ef0928940,Jacquard Loom Digital Weaving Screwdriver Kit,Cage/Crypt/Other,1716509139.875901,1716998210.448057
,,Cabinet 11,1716509453.059104,1716998225.135692
b56f929e-d30b-44ec-9fb7-dba4f7540ce3,"Medium Levels (24"")",Cage/Crypt/Other,1716509463.411819,1716998238.14476
e7275616856e4187a7c50a4b56d529e1,Large Files,Cabinet 11,1716509476.03123,1716998251.099681
afde04e1-4135-496c-903e-dd5a2d4a1334,Tacky Glue,Cabinet 5,1716509483.019939,1716998272.045115
,,Cabinet 11,1716509487.891069,1716998318.590947
7342dabe-3455-4ae7-8879-798a4c121409,Wood Carving Tools,Cabinet 9,1716509500.737737,1716998304.141199
,,Cabinet 11,1716509511.047674,1716998326.763322
aa3c06aa-9425-4342-9d80-852fb6a2c4a9,Matte Mod Podge,Cabinet 5,1716509517.483388,1716998361.107735
c64b35a4-2eb5-4ab9-9879-76f2e6665b01,Deburring Tool,Cabinet 11,1716509519.138052,1716998371.86275
,,Cabinet 11,1716509529.566678,1716998345.562321
,,Spraypaint,1716509534.497062,1716998972.1836
968b6e2c-3666-44d6-b8f4-ff845ead5eca,"Large Clamps (12"")",Cabinet 11,1716509555.229753,1716998929.723221
968b6e2c-3666-44d6-b8f4-ff845ead5eca,"Large Clamps (12"")",Cabinet 11,1716509566.928739,1716998917.56246
afde04e1-4135-496c-903e-dd5a2d4a1334,Tacky Glue,Cabinet 5,1716509573.088596,1716998446.806494
afde04e1-4135-496c-903e-dd5a2d4a1334,Tacky Glue,Cabinet 5,1716509598.344196,1716998433.211313
19995eac-ae65-49ad-9465-43e7d311c847,Wood Glue,Cabinet 5,1716509610.861292,1716998408.801592
3527a1365517480c944ac6cd47a39a34,"Blue Masking Tape (2"")",Cabinet 5,1716509647.016897,1716998420.644522
cd81c90cd52e49b79df647fb94d6a113,Scotch Tape,Cabinet 5,1716509661.192497,1716933142.599607
3bee8d36-bdd8-464c-808b-37ddc5034752,Small Hot Glue Guns,Cabinet 5,1716509673.209864,1716933121.43182
3527a1365517480c944ac6cd47a39a34,"Blue Masking Tape (2"")",Cabinet 5,1716509700.385905,1716933106.841532
33e39f8f-e2ca-4c67-9400-ee7c3d1c1313,"Beige Masking Tape (1"")",Cabinet 5,1716509796.041242,1716933093.603701
968b6e2c-3666-44d6-b8f4-ff845ead5eca,"Large Clamps (12"")",Cabinet 11,1716567596.327457,1716998387.357661
1337af86-a23c-46c1-b0f3-0143206e5e32,Red Buttons,Pegboard 1,1716572835.687745,1716999030.559428
57a6d007-5da0-4104-bf3f-339a952b15bf,Orange Buttons,Pegboard 1,1716572855.311695,1716999016.592444
2885e2e4-5d1e-45c5-893d-017fc3c2cd75,Yellow Buttons,Pegboard 1,1716572868.429608,1716999043.42675
12d8fce3-542a-4398-bcf3-054064b9c6b9,Beige Buttons,Pegboard 1,1716572885.481127,1716999056.500002
f9799750-ade3-4c65-8ab6-3036a117660b,Green Buttons,Pegboard 1,1716572899.574321,1716999079.574159
3aebb017-6669-48ad-b557-a6f0616823b5,Purple Buttons,Pegboard 1,1716572910.87783,1716999093.178469
1337af86-a23c-46c1-b0f3-0143206e5e32,Red Buttons,Pegboard 1,1716572922.793419,1716999140.421528
82264891-3475-48cd-93cd-3a2f5376c72e,Pink Buttons,Pegboard 1,1716572939.120657,1716999128.871575
4c8334ae-8aee-427e-928b-5b79c0be8201,Black Buttons,Pegboard 1,1716572970.867036,1716999111.000921
4c8334ae-8aee-427e-928b-5b79c0be8201,Black Buttons,Pegboard 1,1716572982.638732,1716999224.140909
b2c16e0a-2576-4329-a35d-4f4c7687af8d,Grey Buttons,Pegboard 1,1716572993.312889,1716999235.839658
bab2a644-470d-4f16-b965-5736afeb57ab,Brown Buttons,Pegboard 1,1716573463.337706,1716999246.033574
bab2a644-470d-4f16-b965-5736afeb57ab,Brown Buttons,Pegboard 1,1716573489.536899,1716999259.468475
12d8fce3-542a-4398-bcf3-054064b9c6b9,Beige Buttons,Pegboard 1,1716573503.555339,1717000378.498735
7a8d0ba5-1b4b-4ad1-b192-dcb5c81be052,Plastic Bobbins,Pegboard 1,1716573538.684242,1716999152.672959
12d12f6e-ed9a-4cc2-bd72-693332007e03,Wooden Buttons,Pegboard 1,1716573560.507544,1716999164.297311
,,Cabinet 11,1716573584.139527,1716999274.902132
7a8d0ba5-1b4b-4ad1-b192-dcb5c81be052,Plastic Bobbins,Pegboard 1,1716573597.644756,1716999321.106327
3b6cbb38-c9d4-44d3-9789-cfc9ebda76b0,Safety Eyes,Pegboard 1,1716573609.648303,1717086115.871337
d5574e19-3ee1-4eb9-8b3d-06a3247ee854,Domed Tacks,Pegboard 1,1716573626.623856,1716999304.595953
4e1b9a57-2e09-400f-999e-49a6c5509d5a,Sewing Needles,Pegboard 1,1716573642.243631,1716999873.458451
,,Cabinet 6,1716573656.972683,1716999861.106042
9fbefed6-e573-4097-8ec4-5e2a446bb0ad,Cord Stoppers,Pegboard 1,1716573667.038591,1716999848.870697
9f127d74-fdb7-4d5b-beda-33ee1030588c,Curtain Rings,Pegboard 1,1716573681.830753,1716999888.909492
d73be226-2872-4449-9d4d-93eed9a427fd,Spool Pins,Pegboard 1,1716573696.277858,1716999991.214149
,,Cabinet 7,1716573713.884505,1716999900.533125
2a5a7e0d-a000-4697-9424-d0ea4cadac24,Even Feed Walking Foot,Pegboard 1,1716574314.126986,1716999974.518151
44c6b157-8146-4e4d-a422-dd8c7a5dbfc1,Leather Clasps,Cage/Crypt/Other,1716574871.17024,1716999957.619734
a2615d91-1200-4709-a738-99bd4970f1c6,Tiny Thread,Pegboard 1,1716574883.619454,1716999291.072881
,,Cabinet 5,1716574914.557747,1716999348.332455
7d012a22-6c0c-4bb5-8720-0c87ceb80f28,Metal Bobbins,Pegboard 1,1716574928.434715,1717000003.621733
68c5b918-a568-480e-9ec2-d0a875803a90,Macrame Cord,Pegboard 1,1716575627.308766,1716999944.985143
68c5b918-a568-480e-9ec2-d0a875803a90,Macrame Cord,Pegboard 1,1716575639.522539,1717000062.46308
e2c291b9-e151-4028-8752-ed67382af45e,Scrap Cardstock Paper,Cabinet 7,1716576820.899383,1717000016.616103
,,Cabinet 7,1716576844.260954,1716999924.314164
e2c291b9-e151-4028-8752-ed67382af45e,Scrap Cardstock Paper,Cabinet 7,1716576879.346072,1717000031.324441
,,Cabinet 7,1716576956.47619,1716999913.078543
,,Cabinet 7,1716577116.696516,1717000097.358268
ed208466-304b-4e03-9658-ad1c4edff861,Red Cardstock,Cabinet 7,1716577147.865922,1717000082.762864
ed208466-304b-4e03-9658-ad1c4edff861,Red Cardstock,Cabinet 7,1716577183.701705,1717000112.059371
ed208466-304b-4e03-9658-ad1c4edff861,Red Cardstock,Cabinet 7,1716577215.84313,1717000140.914446
ed208466-304b-4e03-9658-ad1c4edff861,Red Cardstock,Cabinet 7,1716577272.026839,1717000188.129151
8b258717-60a1-46a9-a272-c929ef614267,"Extra Large Metal Ruler (72"")",Cage/Crypt/Other,1716577774.807991,1717000235.353113
71522c0f-a48b-4000-ad53-19c146cf4650,Edge Stitch Foot,Pegboard 1,1716580369.668722,1717000209.035426
71522c0f-a48b-4000-ad53-19c146cf4650,Edge Stitch Foot,Pegboard 1,1716580383.598235,1717000279.676658
,,Pegboard 1,1716580419.873358,1717086029.330066
36e61fbd-e3bb-416f-bb19-a7158d99f83d,Safety Pins,Cabinet 3,1717109589.15341,1717694770.586153
4724da87-2ab6-48f7-bc1c-79da226852c0,Pipe Wrenches,Cabinet 11,1717109720.602009,1717694775.735982
0c2560e0-19a9-4e0c-a535-83f64667af68,Thread Cutters,Pegboard 1,1717627381.459378,1717694789.785088
,,Laser3D,1717690285.785207,1720462959.469666
,,Laser3D,1717692154.936399,1717694809.031069
0218c51d-6b1e-4f49-8a85-0adcaf69c323,Tote Bags,Cage/Crypt/Other,1717701214.048281,1718297875.09546
9a572c61-dcf3-4a5c-8ab4-aa5c1b72debc,Paper Towels,Cage/Crypt/Other,1717701291.920617,1718297727.695594
d8f2ddae6e69464e8f788a4e99af7add,Paint Sponges,Cabinet 4,1718044839.252574,1718059884.06063
83f5f82d-f45a-42de-a193-7995cc476652,"Laminator Sheets (Legal, 11.5"" x 17.5"")",Cage/Crypt/Other,1718052964.066754,1718059877.844236
b2c16e0a-2576-4329-a35d-4f4c7687af8d,Grey Buttons,Cage/Crypt/Other,1718061155.167491,1718138808.713418
9812ac2e-862f-4455-bfb6-d8065867ded5,Silver Sharpies,Cabinet 4,1718061347.195878,1718138803.851668
7dd39576-3f22-4584-b613-e4461dfb44ae,Glue Dots,Cabinet 5,1718151136.591364,1718226283.023326
,,Cabinet 5,1718213967.919681,1718226211.641232
96a4b18f-32d8-4a8a-9a89-8e56c1378d83,"Small Cricut Cutting Mats (30"" x 30"")",Cage/Crypt/Other,1718224669.525008,1718226325.41366
96a4b18f-32d8-4a8a-9a89-8e56c1378d83,"Small Cricut Cutting Mats (30"" x 30"")",Cage/Crypt/Other,1718224750.623977,1718226348.022757
0d3b5b30-caa4-4f00-ab19-b4c7e49de78e,Assorted Metal Jewelry Chain,Cabinet 3,1718297082.40028,1720463147.767766
32819c46-4789-4ce2-8939-d718b141f3e2,Small Metal Magnets,Cage/Crypt/Other,1718298512.958066,1720463162.779901
0966d572-162a-4f20-9e9d-60b40aa2ad1d,Dip Fountain Pens,Cabinet 4,1718298563.232037,1720463212.885893
,,Cabinet 7,1718298585.049704,1720463229.467121
,,Cabinet 7,1718298609.404189,1720463274.939727
6cc21e39-8969-4c0e-93d4-66976c312308,Colored Sharpies,Cabinet 4,1718298647.729725,1720463322.40879
,,Cabinet 11,1718300755.125571,1720463340.802144
b2c16e0a-2576-4329-a35d-4f4c7687af8d,Grey Buttons,Pegboard 1,1718300776.574598,1720463357.1317
,,Fabric,1718300798.853565,1720463596.519666
,,Fabric,1718300810.736537,1720463611.84817
30efbe2e-36be-4ee6-a181-3c5bd3035508,Serger books,Fabric,1718300831.655397,1720463625.574441
9f77de86-2a53-4a37-ab84-98e9392395e2,Elastic String,Cabinet 3,1718300872.029331,1720463751.460081
9f77de86-2a53-4a37-ab84-98e9392395e2,Elastic String,Cabinet 3,1718300880.34461,1720463767.956132
,,Cabinet 6,1718300896.51695,1720463778.838011
0c2560e0-19a9-4e0c-a535-83f64667af68,Thread Cutters,Pegboard 1,1718300924.797691,1720463851.48516
,,Fabric,1718303517.420169,1720463865.582987
c9d3a0a6-e03e-4fb8-aed5-79d65d43c48f,Circular Knitting Needles,Cabinet 1,1718303530.429191,1720463875.128563
f425db72-a9c6-4fbd-a3a8-38afab8adbb4,T-pins,Pegboard 1,1718303536.820129,1720463891.245724
3aebb017-6669-48ad-b557-a6f0616823b5,Purple Buttons,Pegboard 1,1718303572.659167,1718312544.031384
444a9e76-4a11-481d-bbc8-75369c0e297c,Polyester Thread,Pegboard 1,1718303593.344211,1720463911.224047
14c794ae-b164-4e2f-a04a-bf24a54e76a9,Tassels,Pegboard 1,1718303593.764112,1720464009.631433
cd81c90cd52e49b79df647fb94d6a113,Scotch Tape,Cabinet 5,1718303609.62097,1720464022.600753
4dcad653-4e8b-491c-9142-e2f3aa0cda3a,Mixed Beads,Cabinet 3,1718303627.223033,1720464043.130251
cd81c90cd52e49b79df647fb94d6a113,Scotch Tape,Cabinet 5,1718303634.03252,1720464068.160088
,,Cabinet 3,1718303637.122429,1720464084.251943
aea28393-27bf-4ea0-9a44-d3023858dccf,"Large Wooden Dowels (1/4"" x 12"")",Cabinet 2,1718303650.915709,1720464112.456677
aea28393-27bf-4ea0-9a44-d3023858dccf,"Large Wooden Dowels (1/4"" x 12"")",Cabinet 2,1718303657.623088,1720464125.254091
cd81c90cd52e49b79df647fb94d6a113,Scotch Tape,Cabinet 5,1718303663.570795,1720464137.592097
3923b5db-d92c-4502-a9f1-babd14c65684,Ziploc Plastic Bags (Gallon),Cabinet 2,1718303673.319933,1720464151.249315
a8dc7af5-a7b5-4388-9981-c8c84d2a6f3b,Miscellaneous Beads,Cabinet 3,1718303680.150544,1720464173.123367
8536fea5-6b16-4e24-b9ee-1051ef09a314,USB-C to HDMI Adapters,Cage/Crypt/Other,1718319925.548104,1720464199.956667
aaec1e37-dff0-491d-b4db-9f5f453d4fa6,USB-C SD Card Reader,Cage/Crypt/Other,1718319937.539272,1720464219.828353
47ba595f-611b-4e99-9a5a-0c20a1ef51d7,USB Replacement Cables,Cage/Crypt/Other,1718320072.274423,1720464598.158246
,,Electronics,1718320091.656688,1720465164.452873
9b4745bd-64cb-4bc0-93c6-b9c88eb85cc2,SD Card,Cage/Crypt/Other,1718320112.693335,1720465217.195467
2f189caf-6f2e-49ef-93a7-014228a5be89,EPSON Printer Toner/Ink Cartridge,LFP,1718324907.94943,1721256053.067759
,,LFP,1718324928.164729,1721256048.725241
b15434f3-549a-420e-919e-da8857c99459,LFP Matte Paper,LFP,1718325062.525915,1721156106.995453
c157a16f-ab60-42e5-82fa-a4c01408eb2c,Fabric Tape,Cage/Crypt/Other,1718408618.755225,1720464389.266747
,,Laser3D,1718483687.484199,1720465324.254219
,,Cabinet 11,1718759455.123499,1720471836.530074
c1ec3785-c59d-444e-9d20-bb3c295c5285,Laser Cutter Replacement Parts,Laser3D,1719599674.143077,1720476332.126695
a7110cff-d4b0-41b7-b2f7-cf9df7d533b2,Screwdrivers,Cabinet 11,1719600102.461031,1720472211.951921
4b83278f-0498-476d-b280-ad760f2e22a6,Powder Pigment,Cabinet 4,1719600197.897765,1720472292.81187
9baf7e48-fe72-46a4-909f-c80ce042a38c,Buttonhole Foot,Pegboard 1,1719601944.606056,1720472321.406703
,,Spraypaint,1719619276.806474,1720473683.960097
47ba595f-611b-4e99-9a5a-0c20a1ef51d7,USB Replacement Cables,Cage/Crypt/Other,1719854184.197321,1720464607.826031
817338c4-294d-4f6f-9169-affce4703a05,Cotton Thread,Pegboard 1,1720049730.612275,1721156102.079505
cd81c90cd52e49b79df647fb94d6a113,Scotch Tape,Cabinet 5,1720133803.080112,1720472428.455126
3527a1365517480c944ac6cd47a39a34,"Blue Masking Tape (2"")",Cabinet 5,1720133825.008299,1720472445.298149
7f82829c-4248-4422-811d-9ad119f451cd,Cutting Board Oil,Cage/Crypt/Other,1720720503.83958,1721255997.578201
be878f28-8da7-4b85-b295-0689f9baae5d,Ceramic Magnets,Cabinet 2,1720826510.407048,1721156096.496009
,,Cabinet 7,1720826524.254326,1721175721.638805
c1ec3785-c59d-444e-9d20-bb3c295c5285,Laser Cutter Replacement Parts,Laser3D,1720911862.195266,1721177162.644332
,,Spraypaint,1720911949.711451,1721175731.914079
,,Pegboard 1,1721088584.320866,1721156056.750594
41de54c5-c4ca-4946-be7b-dedd89032b4c,Isopropyl Alcohol,Laser3D,1721322911.938555,1721325464.937075
728305ca-99ec-491a-847f-24cb9c052303,Form Resin Color Kit,Laser3D,1721322982.674731,1721325460.330138
cb57186f-457d-49d6-9e78-399b17e7e1a0,WD-40,Cage/Crypt/Other,1721340345.82713,1721344606.951313
,,Fabric,1721516701.391182,1722989661.140847
1d7644b1-d334-49a1-9dba-7d4d64291025,Cleaning Brushes,Cage/Crypt/Other,1721519454.438178,1722982729.603924
,,Fabric,1721753392.387554,1723844686.969294
5bc84ffd-6b7b-4d79-840f-d706f082a7e0,Ironing board,Cage/Crypt/Other,1721753524.680449,1723066866.872767
97a3db38-e2e6-4e45-99e8-dda69d86f673,Compressed Air,Cage/Crypt/Other,1721841141.591557,1722982907.423082
bec1becd-5007-4f87-8f74-0df13f986ad0,Large Hot Glue Sticks,Cage/Crypt/Other,1722034538.139098,1722982454.228024
,,Cabinet 11,1722034570.51318,1722989656.602381
0e456011-4f20-408e-b703-7a71670c7a58,Key Rings,Cabinet 3,1724727205.865445,1724727403.528731
,,Fabric,1726201612.400744,1726700093.975576
ee6bd718-f1ac-49de-ba3c-116a0bd7e2b5,Paper Clips,Cabinet 3,1726201836.30203,1726700136.083046
84bc98ec-3e3f-4916-9047-2c81231907bc,"LED Focus Light, Aputure",Studio,1726268994.977563,1726700071.906871
,,Fabric,1726724748.730056,1726853284.388471
8d9e02d9-3d98-4ff9-bc1a-c1dc717bdfd2,Straight Stitch Foot,Pegboard 1,1726725353.316146,1727196751.477954
afde04e1-4135-496c-903e-dd5a2d4a1334,Tacky Glue,Cabinet 5,1726801757.887931,1727195293.008773
896ae905-1595-4c4e-9ff5-7494c9f8e94f,Yellow Ribbon,Cabinet 6,1726802772.345257,1727195262.485442
801028a8-4677-44f9-9ffe-5ebb239fd2d2,Metal Charms,Cabinet 3,1726802988.099976,1727196900.950004
1963d245-5ced-4b68-8e73-83c210c8a0ed,Instant Epoxy (Bottled),Cabinet 5,1726807055.290477,1727196947.008345
,,Cabinet 7,1727478945.561857,1728514569.145509
24a64081-f700-415e-a940-0b9663862e4f,Markforged Replacement Parts,Laser3D,1727656722.366465,1728514262.460986
6b176206-bbcc-48cd-9555-d9b03b8f0f5c,Prusa MMU,Laser3D,1727656747.044795,1728514258.151
53856137-81f1-4b8f-ba52-b270ff80a2f0,Prusa Replacement Parts,Laser3D,1727656768.058545,1728514254.975637
53856137-81f1-4b8f-ba52-b270ff80a2f0,Prusa Replacement Parts,Laser3D,1727656787.534375,1728514251.039347
814948fa-9997-46ee-81eb-8cf965a6eba6,Seam Guides,Pegboard 1,1727656909.97048,1728325664.28753
444a9e76-4a11-481d-bbc8-75369c0e297c,Polyester Thread,Pegboard 1,1728171574.36011,1728325555.090498
,,Cabinet 11,1728171610.403861,1728325294.785813
83f5f82d-f45a-42de-a193-7995cc476652,"Laminator Sheets (Legal, 11.5"" x 17.5"")",Cage/Crypt/Other,1728254106.558226,1728325289.374691
1963d245-5ced-4b68-8e73-83c210c8a0ed,Instant Epoxy (Bottled),Cabinet 5,1728270541.737385,1728321050.147875
e2c291b9-e151-4028-8752-ed67382af45e,Scrap Cardstock Paper,Cabinet 7,1728428089.186229,1728598214.542588
,,Cabinet 9,1728593374.246258,1728598210.17776
,,Laser3D,1728623540.744615,1729016832.560742
0d3b5b30-caa4-4f00-ab19-b4c7e49de78e,Assorted Metal Jewelry Chain,Cabinet 3,1728867865.604325,1728938229.66312
36e61fbd-e3bb-416f-bb19-a7158d99f83d,Safety Pins,Cabinet 3,1728952778.843568,1729016827.981778
,,Cabinet 7,1729134668.374256,1729295387.707771
cd81c90cd52e49b79df647fb94d6a113,Scotch Tape,Cabinet 5,1729139098.953283,1729209884.731006
6b62ccd9-8d0c-4f30-8638-075871eaef25,3D Printer Bed Scrapers,Laser3D,1729272683.365562,1729295383.45836
68c5b918-a568-480e-9ec2-d0a875803a90,Macrame Cord,Pegboard 1,1729295651.600702,1729726657.235672
,,Cabinet 9,1729295736.012885,1729548650.483166
,,Fabric,1729295775.853197,1729297837.956593
fe5cc17c-39fb-4b34-a340-f932fd7e3b89,White Buttons,Pegboard 1,1729295891.042383,1729726650.915722
32819c46-4789-4ce2-8939-d718b141f3e2,Small Metal Magnets,Cabinet 2,1729557528.119846,1736986396.870664
0e456011-4f20-408e-b703-7a71670c7a58,Key Rings,Cabinet 3,1729655105.36907,1729726976.202032
a7f5082786ff4c6197940641e63a2ce5,Cotton Battening,Cage/Crypt/Other,1729655196.791215,1729726982.327074
4dcad653-4e8b-491c-9142-e2f3aa0cda3a,Mixed Beads,Cabinet 3,1729805586.012766,1729810631.990543
0d3b5b30-caa4-4f00-ab19-b4c7e49de78e,Assorted Metal Jewelry Chain,Cabinet 3,1729805606.330358,1729809243.650025
33e39f8f-e2ca-4c67-9400-ee7c3d1c1313,"Beige Masking Tape (1"")",Cabinet 5,1729877100.42974,1729902513.96391
,,Pegboard 1,1730080408.666515,1731029018.760051
da8abf62-2713-42cb-8f0b-b4bff0368aef,Work Gloves,Cage/Crypt/Other,1730084071.578979,1731028984.796855
83f5f82d-f45a-42de-a193-7995cc476652,"Laminator Sheets (Legal, 11.5"" x 17.5"")",Cage/Crypt/Other,1730229836.47961,1731028960.852796
b15434f3-549a-420e-919e-da8857c99459,LFP Matte Paper,LFP,1730250159.788299,1731014019.519454
6cff0a11-5f80-4d40-ba58-7d197ead7ddb,Nuts,Cabinet 9,1730342739.163325,1738018040.785225
0d75d077-455c-4da1-aabc-a9f65ed11089,Black Sharpies,Cabinet 4,1730428841.517432,1731028896.684074
2dcbc1b0-649e-4461-9e67-25e0fdd6319b,Multicolored Ribbon,Cabinet 6,1730485590.38714,1736813532.965154
,,Fabric,1730514294.8039,1731028876.418299
,,Cabinet 11,1730580297.903282,1731029048.265666
2ed142a9-7f9e-40f5-baab-1e1e47f0bc85,Small Paint Brushes,Cabinet 4,1730580425.38214,1731029063.405622
,,Cabinet 7,1730582462.388139,1731029077.458849
68609062-5506-4ef2-b595-11f629078ef3,Seam Rippers,Pegboard 1,1730680719.472203,1731029221.848679
817338c4-294d-4f6f-9169-affce4703a05,Cotton Thread,Pegboard 1,1730682933.504088,1737068281.711195
8d9e02d9-3d98-4ff9-bc1a-c1dc717bdfd2,Straight Stitch Foot,Pegboard 1,1730684498.47066,1731029311.786775
d5574e19-3ee1-4eb9-8b3d-06a3247ee854,Domed Tacks,Pegboard 1,1730848064.320801,1731028786.239867
,,Pegboard 1,1730935161.90103,1737068275.58622
ed208466-304b-4e03-9658-ad1c4edff861,Red Cardstock,Cabinet 7,1730942706.171556,1731028731.709176
,,Electronics,1730942795.716347,1731028718.328214
afde04e1-4135-496c-903e-dd5a2d4a1334,Tacky Glue,Cabinet 5,1730943912.126751,1731028636.992193
afde04e1-4135-496c-903e-dd5a2d4a1334,Tacky Glue,Cabinet 5,1730943945.579508,1731028643.876938
ba71236f6fd44b64820131f545a475c8,Wrenches,Cabinet 11,1731017607.213315,1736986511.054858
19995eac-ae65-49ad-9465-43e7d311c847,Wood Glue,Cabinet 5,1731196373.807758,1731972679.184143
c1ec3785-c59d-444e-9d20-bb3c295c5285,Laser Cutter Replacement Parts,Laser3D,1731303135.384733,1732227345.785717
afde04e1-4135-496c-903e-dd5a2d4a1334,Tacky Glue,Cabinet 5,1731373321.879767,1731972651.059905
0d75d077-455c-4da1-aabc-a9f65ed11089,Black Sharpies,Cabinet 4,1731373442.521029,1731972646.199054
83f5f82d-f45a-42de-a193-7995cc476652,"Laminator Sheets (Legal, 11.5"" x 17.5"")",Cage/Crypt/Other,1731373852.331105,1731972640.686552
cd81c90cd52e49b79df647fb94d6a113,Scotch Tape,Cabinet 5,1731456560.762171,1731972487.762227
e2c291b9-e151-4028-8752-ed67382af45e,Scrap Cardstock Paper,Cabinet 7,1731559506.795382,1731972351.861636
32819c46-4789-4ce2-8939-d718b141f3e2,Small Metal Magnets,Cage/Crypt/Other,1731562839.663909,1736986392.496112
2709e542-3b70-4443-9bec-1e8f5ac47b39,LFP9900 Light Light Black,LFP,1731624809.643163,1731633144.003804
19995eac-ae65-49ad-9465-43e7d311c847,Wood Glue,Cabinet 5,1731642593.995321,1731972289.03872
19995eac-ae65-49ad-9465-43e7d311c847,Wood Glue,Cabinet 5,1731642612.188231,1731972261.98526
afde04e1-4135-496c-903e-dd5a2d4a1334,Tacky Glue,Cabinet 5,1731642652.477162,1731972227.677249
aa3c06aa-9425-4342-9d80-852fb6a2c4a9,Matte Mod Podge,Cabinet 5,1731642683.965156,1731972201.10445
0d75d077-455c-4da1-aabc-a9f65ed11089,Black Sharpies,Cabinet 4,1731642871.88542,1731972168.600802
19995eac-ae65-49ad-9465-43e7d311c847,Wood Glue,Cabinet 5,1731642902.868393,1731972152.440495
3527a1365517480c944ac6cd47a39a34,"Blue Masking Tape (2"")",Cabinet 5,1731642931.703262,1731972106.388111
0966d572-162a-4f20-9e9d-60b40aa2ad1d,Dip Fountain Pens,Cabinet 4,1731642984.261492,1731970899.651548
2ed142a9-7f9e-40f5-baab-1e1e47f0bc85,Small Paint Brushes,Cabinet 4,1731643115.34349,1731970845.770132
14868e71-9eec-4aab-ac73-9ae700dfbde2,Plastic Clips,Pegboard 1,1731643173.687357,1731970775.635397
51d2642b-f83b-4dbd-99a1-60e819969c94,Plastic Jewelry Cord,Cabinet 3,1731651048.112641,1731970747.869681
3f864e37-64b9-418e-90fc-ffa2a54fb30d,Microphone Clip,Studio,1731722761.418156,1731970731.345195
b6cd482a-ea64-4009-ace9-dd8a7982ac18,Laminator Sheets (Business Card Size),Cage/Crypt/Other,1731727251.354056,1731970629.729537
12e7541d-6b91-4598-8f72-490e178836f0,Button Sewing Foot,Pegboard 1,1731894954.719999,1731968553.290493
19995eac-ae65-49ad-9465-43e7d311c847,Wood Glue,Cabinet 5,1732056454.80095,1732227321.575494
c1ec3785-c59d-444e-9d20-bb3c295c5285,Laser Cutter Replacement Parts,Laser3D,1732148107.589835,1736815084.784105
ba1659ce-c279-4031-bc70-f75b4498e9f1,Felt Sheets,Fabric,1732160104.657292,1737048828.110468
6cff0a11-5f80-4d40-ba58-7d197ead7ddb,Nuts,Cabinet 9,1732244828.64509,1738018037.401369
9148909a-efe7-4b45-8f08-f9e7bc0a3bf5,Nut Drivers,Cabinet 11,1732249577.536311,1736986227.98995
4f992fab-7468-4369-85a6-4f1beb4f2f66,Hammers,Cabinet 11,1732316821.243749,1736986204.938119
6cff0a11-5f80-4d40-ba58-7d197ead7ddb,Nuts,Cabinet 9,1732417156.147829,1738018033.896439
,,Cabinet 7,1732579397.688069,1736814965.613028
2f189caf-6f2e-49ef-93a7-014228a5be89,EPSON Printer Toner/Ink Cartridge,LFP,1733200132.315958,1736987266.607396
c1ec3785-c59d-444e-9d20-bb3c295c5285,Laser Cutter Replacement Parts,Laser3D,1733202185.030744,1736814924.100029
896ae905-1595-4c4e-9ff5-7494c9f8e94f,Yellow Ribbon,Cabinet 6,1733271025.625032,1736814931.516183
896ae905-1595-4c4e-9ff5-7494c9f8e94f,Yellow Ribbon,Cabinet 6,1733271254.592587,1736814928.065332
4dcad653-4e8b-491c-9142-e2f3aa0cda3a,Mixed Beads,Cabinet 3,1733271353.957257,1736815172.771686
53856137-81f1-4b8f-ba52-b270ff80a2f0,Prusa Replacement Parts,Laser3D,1733391258.64325,1736986198.74706
,,Cabinet 9,1737931328.779971,1738255576.356855
,,Pegboard 1,1738201081.91088,1738255736.259029
afde04e1-4135-496c-903e-dd5a2d4a1334,Tacky Glue,Cabinet 5,1738283018.066785,1739232935.103167
4dcad653-4e8b-491c-9142-e2f3aa0cda3a,Mixed Beads,Cabinet 3,1738283097.298586,1739233021.082668
,,Cabinet 9,1738299434.755572,1739233081.893715
afde04e1-4135-496c-903e-dd5a2d4a1334,Tacky Glue,Cabinet 5,1738362284.264079,1739232939.557237
,,Cabinet 3,1738383119.067155,1739233094.823429
896ae905-1595-4c4e-9ff5-7494c9f8e94f,Yellow Ribbon,Cabinet 6,1738538664.104725,1739233325.34348
896ae905-1595-4c4e-9ff5-7494c9f8e94f,Yellow Ribbon,Cabinet 6,1738538682.688701,1739233334.489203
68c5b918-a568-480e-9ec2-d0a875803a90,Macrame Cord,Pegboard 1,1738540279.221146,1739233387.120556
,,Electronics,1738614721.481178,1739233399.490576
3527a1365517480c944ac6cd47a39a34,"Blue Masking Tape (2"")",Cabinet 5,1738615100.138415,1739210630.699193
728305ca-99ec-491a-847f-24cb9c052303,Form Resin Color Kit,Laser3D,1738617082.158783,1738870450.984462
3b6cbb38-c9d4-44d3-9789-cfc9ebda76b0,Safety Eyes,Pegboard 1,1738637674.23908,1739233425.956293
814948fa-9997-46ee-81eb-8cf965a6eba6,Seam Guides,Pegboard 1,1738704868.982951,1738889765.50114
be878f28-8da7-4b85-b295-0689f9baae5d,Ceramic Magnets,Cabinet 2,1738786132.63524,1739210626.117963
,,Cabinet 11,1738952319.740388,1739402286.667358
16d17ba9-a9fc-407a-ad0c-be5096428bbd,"Battery Charger, Canon M50",Studio,1738952462.963706,1739402276.606459
e2c291b9-e151-4028-8752-ed67382af45e,Scrap Cardstock Paper,Cabinet 7,1738952588.873502,1739234051.950797
ed208466-304b-4e03-9658-ad1c4edff861,Red Cardstock,Cabinet 7,1738952641.72497,1739234662.1686
85c93576-6216-4927-8e78-9f3ebd85e8e4,Pony Beads,Cabinet 3,1738974082.593722,1739234905.801781
0cf4a27348e04cf0bfa24fafbc63238a,Cotton Swabs/Q-Tips,Cabinet 2,1738974124.403399,1739234940.6996
afde04e1-4135-496c-903e-dd5a2d4a1334,Tacky Glue,Cabinet 5,1738974251.158489,1739234911.564339
34f4fdf4-ac1e-45fa-b219-4f3c3c2e5e40,Chip Brushes,Cabinet 4,1738974296.768619,1739235360.488239
896ae905-1595-4c4e-9ff5-7494c9f8e94f,Yellow Ribbon,Cabinet 6,1738976897.853017,1739234959.780073
0c2560e0-19a9-4e0c-a535-83f64667af68,Thread Cutters,Pegboard 1,1739057085.231062,1739235020.519455
ed208466-304b-4e03-9658-ad1c4edff861,Red Cardstock,Cabinet 7,1739230723.096479,1739235026.909362
,,Cabinet 11,1739336945.00031,1739402219.078071
,,Cabinet 9,1739765460.846042,1739839584.474088
,,Cabinet 9,1739911398.055139,1741818190.502198
,,Cabinet 9,1739911438.463171,1741818164.911359
,,Fabric,1739916998.136968,1741396744.42852
6cc21e39-8969-4c0e-93d4-66976c312308,Colored Sharpies,Cabinet 4,1740001165.806005,1741396958.499675
d63912c2-abe7-4312-9524-27b8a548d237,Fuse Cleaning Supplies,Laser3D,1740118903.362198,1741633170.136897
23f62fde-c79d-4504-80ba-54b91d99c81e,"Battery, Canon M50",Studio,1740118961.712701,1742513514.307988
,,Fabric,1740428707.063637,1741396980.072468
,,Fabric,1740428901.53409,1741396998.946549
d46a842b-4542-4603-a7d9-08a8f219fe99,"Medium Metal Ruler (18"")",Cage/Crypt/Other,1740612552.230225,1741397069.143844
53856137-81f1-4b8f-ba52-b270ff80a2f0,Prusa Replacement Parts,Laser3D,1740793873.755904,1741223573.52746
,,Electronics,1740794379.303663,1741818344.702017
,,Electronics,1740980549.023198,1741818396.289603
,,Electronics,1740980581.965475,1741818036.946505
,,Electronics,1740980674.730417,1741818006.02187
,,Cabinet 7,1740981538.025223,1741397091.479936
,,Electronics,1740992455.802861,1741811915.453712
e2c291b9-e151-4028-8752-ed67382af45e,Scrap Cardstock Paper,Cabinet 7,1741058835.03826,1741397212.083156
aea28393-27bf-4ea0-9a44-d3023858dccf,"Large Wooden Dowels (1/4"" x 12"")",Cabinet 2,1741209848.042922,1741396683.908737
af51fdde-6c44-4909-a25d-3fb9038a0795,Spare Fuse Sift Tank,Laser3D,1741230706.74837,1741633157.890315
c1ec3785-c59d-444e-9d20-bb3c295c5285,Laser Cutter Replacement Parts,Laser3D,1741236127.530538,1741373941.469621
e6649183-d5c7-4f56-9fc2-dae11522cec1,Spray Paint Gun Kit,Cage/Crypt/Other,1741279485.336815,1742513697.478152
,,Cabinet 5,1741372079.448814,1741395376.875962
,,Cabinet 5,1741372109.002335,1741395357.626374
afde04e1-4135-496c-903e-dd5a2d4a1334,Tacky Glue,Cabinet 5,1741372225.341097,1741395340.395692
cbda3439-47ff-4eba-a43a-150e8ce7a3bd,"SD Card, 128 GB ",Studio,1741393465.474065,1742513506.056476
c1b17f46-4bfb-4089-8ea6-7a01757f7c4e,Wire Strippers and Clippers,Electronics,1741395134.816777,1741395296.378072
,,Pegboard 1,1741397493.329436,1741632689.641958
aea28393-27bf-4ea0-9a44-d3023858dccf,"Large Wooden Dowels (1/4"" x 12"")",Cabinet 2,1741397600.202179,1741631338.687636
ed208466-304b-4e03-9658-ad1c4edff861,Red Cardstock,Cabinet 7,1741401067.821063,1741632141.20277
b489a235-9200-4ec6-9c50-889960973c4c,Medium Metal Magnets,Cabinet 2,1741475900.192059,1741630950.219074
,,Cabinet 5,1741554489.800181,1741630984.635348
896ae905-1595-4c4e-9ff5-7494c9f8e94f,Yellow Ribbon,Cabinet 6,1741554758.192756,1741630814.65266
ed208466-304b-4e03-9658-ad1c4edff861,Red Cardstock,Cabinet 7,1741591264.447901,1741631296.066676
33e39f8f-e2ca-4c67-9400-ee7c3d1c1313,"Beige Masking Tape (1"")",Cabinet 5,1741726886.134392,1741734933.120481
afde04e1-4135-496c-903e-dd5a2d4a1334,Tacky Glue,Cabinet 5,1741807915.477611,1742513317.993552
7973b203-b338-4187-93ce-a101f5a95238,PLA Filament,Laser3D,1741823126.930163,1742513268.153069
,,Laser3D,1741904045.743206,1742513252.927967
be878f28-8da7-4b85-b295-0689f9baae5d,Ceramic Magnets,Cabinet 2,1743037246.758533,1743110963.671518
,,Fabric,1743037483.82711,1743110857.213826
d743b4b8b58c4afd92f7bbd093984f67,Spare Cutting Blades,Cabinet 11,1743118758.788696,1744131947.109059
,,Cabinet 4,1743136945.278318,1746053227.302613
ed208466-304b-4e03-9658-ad1c4edff861,Red Cardstock,Cabinet 7,1743275406.874105,1745449503.494033
,,Cabinet 2,1743451115.203724,1744133220.652972
,,Cabinet 7,1743475567.065425,1744132080.571568
,,Electronics,1743885715.30534,1744133215.702422
19995eac-ae65-49ad-9465-43e7d311c847,Wood Glue,Cabinet 5,1744339717.511133,1744834228.452006
19995eac-ae65-49ad-9465-43e7d311c847,Wood Glue,Cabinet 5,1744339742.750118,1744834007.316978
0d3b5b30-caa4-4f00-ab19-b4c7e49de78e,Assorted Metal Jewelry Chain,Cabinet 3,1744340064.367105,1746052072.017742
,,Cabinet 3,1744340108.447735,1746052084.199261
0d3b5b30-caa4-4f00-ab19-b4c7e49de78e,Assorted Metal Jewelry Chain,Cabinet 3,1744340132.098022,1746051882.603663
,,Cabinet 7,1744340178.141092,1744685343.716822
6b40e62f-3af4-4099-8fe5-cf2b4464ec17,Darning Plate,Pegboard 1,1744340202.306293,1746052077.07937
c157a16f-ab60-42e5-82fa-a4c01408eb2c,Fabric Tape,Pegboard 1,1744340240.495419,1746054385.674861
9f77de86-2a53-4a37-ab84-98e9392395e2,Elastic String,Cabinet 3,1744340372.908351,1746052096.460838
36e61fbd-e3bb-416f-bb19-a7158d99f83d,Safety Pins,Cabinet 3,1744340389.863974,1746052124.980056
51d2642b-f83b-4dbd-99a1-60e819969c94,Plastic Jewelry Cord,Cabinet 3,1744340404.616694,1746052119.120536
,,Electronics,1744388574.738905,
,,Cabinet 7,1744392604.551211,1746051971.435996
7973b203-b338-4187-93ce-a101f5a95238,PLA Filament,Laser3D,1744397819.822257,1745449535.384033
c1ec3785-c59d-444e-9d20-bb3c295c5285,Laser Cutter Replacement Parts,Laser3D,1744413971.714159,1746051944.723537
b478ec2f-3dee-46ef-8aeb-615c15fab542,Measuring Tape,Cabinet 11,1744571673.299053,1746054393.802897
c1b17f46-4bfb-4089-8ea6-7a01757f7c4e,Wire Strippers and Clippers,Electronics,1744664116.179951,1746053938.803498
,,Cabinet 5,1744745914.400512,1746053145.268245
c1ec3785-c59d-444e-9d20-bb3c295c5285,Laser Cutter Replacement Parts,Laser3D,1744857399.862878,
b15434f3-549a-420e-919e-da8857c99459,LFP Matte Paper,LFP,1745197789.051857,
,,Cabinet 3,1745292352.806223,1746051845.286701
ed208466-304b-4e03-9658-ad1c4edff861,Red Cardstock,Cabinet 7,1745448915.501576,1745448941.939706
ed208466-304b-4e03-9658-ad1c4edff861,Red Cardstock,Cabinet 7,1745448945.627198,1745449030.424389
ed208466-304b-4e03-9658-ad1c4edff861,Red Cardstock,Cabinet 7,1745449238.305817,1745449368.798226


