row_id,uuid
0,b27e985e-a73d-4584-b363-59a03113cf06
1,bb1b0535-3ef1-4eff-b8c9-879ea0611d32
2,e76e0013-4880-4c11-a25a-badbd683bb4d
3,a912bce5-9d40-4e98-94cb-ceab354fc33f
4,f7c85716-4ac0-4c0f-b4e4-d226db1e3093
5,c1b17f46-4bfb-4089-8ea6-7a01757f7c4e
6,a1e9ffbe-8d17-43f3-a1a1-8206b751ef3b
7,05312c8f-9db7-4cc4-b3d1-fce61bbef7c4
8,c52fd77f-cfb4-44a6-866e-1601743d1ff3
9,f91f4cff-df40-4b02-a663-6b8f03738054
10,003c0b5e-e008-4150-af93-c6c0720256ee
11,21089a47-8812-4f70-b956-ee24906dd331
12,c6431148-5f78-43a3-a7d1-be5271e31103
13,ed5efe6f-c5df-46bf-af19-7e7d5ae79327
14,98e1457a-b338-4d3a-901f-31c3778d1609
15,432217d4-ea0d-4492-9855-4339bc9794da
16,5eb1a299-e5db-4151-9e93-2d07a0d9d2b5
17,584bfcdf-ab6a-42bc-91f2-9a6c7040d4b6
18,08f745f9-206d-4a5d-8ac6-198a9a75c655
19,71f5cb3a-c96c-4d00-a854-44172a076a80
20,e184e60b-cf74-4df9-872d-58c05c3015a4
21,32bf7442-89a6-4363-9776-cab34edc14f3
22,e6346a74-173d-40be-b338-fa4dd32fea2d
23,04d909ec-32c2-4632-83cc-8badf18c3270
24,6ab38cec-9786-415e-ae52-d2d3de628f6f
25,ed5117ac-f883-4f84-a617-1c939e6c42bc
26,79a435bb-c1a3-4fda-ab6a-e278966c24a9
27,682eae28-e2ec-4a2b-921b-647952b5c8c9
28,7901e8fd-5b2d-449c-9ab2-3a36f81ac1f9
29,fb3ba6d1-9411-42f5-9cf5-bbac4963f880
30,d1105cc5-90b0-4d55-ba63-43bee4e3641e
31,992ee61f-8be5-4caf-94b0-6f1953bb4dd7
32,4675746e-c369-4079-a5bd-796d3a052bfe
33,b0d520a2-3ff0-44ac-9d35-ca7bb99cc132
34,3fe9f2ca-27df-4dec-b133-1b830c518f32
35,009a3b74-1714-4ffe-b90e-4b4ca535f197
36,9856f666-10db-46b1-ab02-76501dcebef0
37,bed78916-c58b-4d32-8917-124780c53684
38,6d8ab009-bc33-4f34-ba2a-58d184ff1f72
39,438d3ae0-333a-4eed-abc4-3088b18f06bd
40,700a12e4-d3d1-4d95-b8d1-74aa24915d65
41,74eb0cc9-b46b-4e64-be6e-726816d98544
42,dbe7f3f9-1823-42dc-a10f-318ecc02d6a9
43,70086c6a-a49e-4faa-b6ae-9df6a1342ebf
44,aa8721fe-9593-403e-84d1-b29313437730
45,26470fd2-17c7-4c5d-9a06-9d2750cb506c
46,e6649183-d5c7-4f56-9fc2-dae11522cec1
47,61fc3c9b-d794-44cb-aa29-2326641c1731
48,2b26f1ca-bd99-4f47-bb1d-07aeffdd5cba
49,5a98d960-9e40-4a13-9a2f-1e097703e5c3
50,ce7a2150-02ec-4b69-ad49-40ee46f5e62a
51,e2ae3a96-d540-42e0-a200-b8eca5ad9b04
52,993e8970-a2fd-49ed-9212-187da54e7780
53,c401b4ed-4177-4a62-b708-4a09aa7698ef
54,8f7c052f-b61f-45d2-b05d-d63818a0b3d6
55,cbd853a9-9406-400b-8a52-8d7a62a56aa3
56,96a4b18f-32d8-4a8a-9a89-8e56c1378d83
57,9c327a64-f604-419a-bf54-868fb503fc48
58,50b6a9aa-6a86-41fc-ac09-6338c2716b41
59,e9bcb676-7a4e-49a9-8063-accf49c1d0b8
60,5bc84ffd-6b7b-4d79-840f-d706f082a7e0
61,65f8ee5d-1c8e-4353-ac32-384d26e2c190
62,37dc1977-29ad-4aad-aa9a-63bbff6b1e31
63,1824f48f-316c-4312-ac0e-ce95fd748364
64,0d5fbfb4-e328-431b-960b-f76e06ce3ad4
65,4f401aef-a73d-4df2-b262-c6d25fec2d7e
66,d1ca216c-64d8-4063-8a60-135c57f2a9ac
67,e26fe4d4-89ad-47a9-abc4-16860e5d7739
68,31d8eafb-24d1-4586-9ce2-faa621dbe20d
69,3b9912ab-b320-4564-8f8d-e5341171c116
70,58650c49-ffd3-43e0-91f6-3890d4dd255d
71,475f4a97-c812-4d43-90bd-fb6eb72d9fcc
72,63015ab4-81b0-4777-b5ee-4f1e42087707
73,ad2b8a19-7f7b-4080-92ce-ca8ce662308e
74,981d96c7-18cf-4af2-a143-8580805fb429
75,48edfc5d-d9eb-4432-931e-3cb88b7fd1fc
76,5bc385fb-507e-4796-b993-0285bec25a70
77,770cde5d-f909-44b6-a73a-2b35efa2cf12
78,09cc2394-9ddb-4fe4-b720-a48ff3000518
79,552f1dbd-486e-49d1-93ca-98baffd9e7b5
80,0a34a120-9bef-46c4-a3be-015a47cc7ca6
81,4717e239-847f-4c69-b86b-7696e97cc559
82,49e14742-06fe-4037-a2c5-bff5f4cbbd1c
83,d5da07b6-04d7-4710-8f4f-eb66b973bd07
84,2f6c7d41-6fa8-49ff-b173-0041c7bc5ada
85,af9e2380-8853-426b-8f82-ab01cca191b8
86,62786bd7-7e31-4ca4-8089-e01a9bcbd762
87,9be97790-deb1-427c-ac6e-f5b174bfa8fd
88,7f82829c-4248-4422-811d-9ad119f451cd
89,21a68c67-5d3d-4b6d-a5e3-de36bb732639
90,4a80e443-1d7f-46f5-9abc-8d6679d30e8f
91,5fa1f039-47a3-4dfa-ac9f-e8f40da0117d
92,2a7307d5-e36a-454b-ac84-4c2fe6ea6f7b
93,f35437a8-cca8-403e-8da4-e43c33813348
94,9a72fc85-98eb-408a-b510-902a55aabcad
95,d0b1b27c-e21b-4891-9155-69d810f599ae
96,a49434e5-a06f-42b4-ba2b-1e0e0b7a9b33
97,deefe806-5849-4585-a89e-933b82a73dac
98,9a572c61-dcf3-4a5c-8ab4-aa5c1b72debc
99,ff99e571-b209-4ffb-8859-e9a372a0fbcf
100,8d98eb67-5c9c-47a2-a304-af7ef0928940
101,9f732adf-5e02-4538-8663-7efee2af0bde
102,01bc94ea-4088-4180-9cc8-e40a35157554
103,c1bd24ae-1b72-4924-b336-19fd6da39ff8
104,6d0a695a-89e5-46b8-853c-b20973d06bc6
105,7a86e67a-c4c7-4077-8fd3-1aebb7c09f52
106,1f69a450-c18f-41a6-92c9-0f4b56fb09e5
107,935b9253-a382-4283-a8a8-f70b2204622a
108,4fc2d265-b55e-4c36-a778-4ec7b63e0039
109,61de5ddd-7326-4b1d-9788-63304eefd622
110,271bcfec-b9d2-480c-bfd9-9170fb51187b
111,da8abf62-2713-42cb-8f0b-b4bff0368aef
112,b38487f9-98ba-4dc0-aa09-e6edf53a9f4e
113,385e9a29-1957-40e6-b2a9-27355cb746c2
114,d821872e-a5cd-49f5-b13e-cdd7986ce882
115,9efbdfd7-2bcf-4338-a318-a55d57c32133
116,89a33621-a4ca-4b92-8746-b2675738ad92
117,342c5f90-6c2f-43bd-a641-8582858e21d9
118,5a24e5e9-b52e-408b-9719-5b396ccfe788
119,a274a80b-f0d6-4473-8ce6-858a43e83049
120,637cb043-b61b-443f-9e44-e4507eddc3b2
121,666279ae-15c8-4257-9a49-b97058051826
122,26a70f4c-7bba-4a59-9b57-980df43b4e2e
123,c1bd2439-1e6a-4669-8cfc-3e9ea3396ac9
124,07cfe5b5-1a15-402c-a9bf-55a97b81a236
125,b2a6eb92-ea05-417d-9b51-9ce33dbb0cd8
126,7fedc951-985a-4b8b-a42f-ac7fb1b648e5
127,9b32e502-3432-4e5e-8e05-a5ab4861353e
128,aedd1c8b-4caa-4060-81b2-f88e8c180cde
129,e995143d-9e7f-4630-a905-21d17aba89a3
130,4414931d-7244-4d19-ba3f-7698da39a768
131,49364bb2-9d35-4b6c-938d-f060b54a9d21
132,1139884a-7cac-4ab5-8439-26e28fd75664
133,1a481282-bd0d-477c-8acb-b1bb99bdce42
134,a46b7ddc-8efe-4da6-b465-7b3dbee44824
135,97a3db38-e2e6-4e45-99e8-dda69d86f673
136,8f789e85-b9d3-42b9-9451-375c3246596c
137,728305ca-99ec-491a-847f-24cb9c052303
138,41de54c5-c4ca-4946-be7b-dedd89032b4c
139,8f8d4979-d146-47dc-98de-23e7557a2213
140,743c1930-4a36-4d73-9b92-1644784f9273
141,81371dd1-0a37-4f22-a914-5369456ba717
142,981b07db-227a-4357-a91e-46e67dcbd4f9
143,845331e3-e000-4cc8-ab0f-76c759eabed3
144,f425db72-a9c6-4fbd-a3a8-38afab8adbb4
145,7a8d0ba5-1b4b-4ad1-b192-dcb5c81be052
146,14868e71-9eec-4aab-ac73-9ae700dfbde2
147,d385f856-c31b-469b-a3cc-48018dfce841
148,409be174-1af0-4083-bd61-03aa393177af
149,766a2c68-0dbf-419d-9a34-15b0c7c1488a
150,b75de99d-04be-4351-a8db-75935667e248
151,9baf7e48-fe72-46a4-909f-c80ce042a38c
152,12e7541d-6b91-4598-8f72-490e178836f0
153,d2393749-fc6c-4767-851b-ac069847bf82
154,b338ca47-80f7-4063-ac9a-4669fd7d66fd
155,2a5a7e0d-a000-4697-9424-d0ea4cadac24
156,71522c0f-a48b-4000-ad53-19c146cf4650
157,7834404f-8f1b-4d6b-a3e7-8a82a4f99f05
158,a482a654-68e9-4e84-9d55-c73e300c7efa
159,512a70ef-a326-487d-9c4d-dbd2172403d5
160,8d9e02d9-3d98-4ff9-bc1a-c1dc717bdfd2
161,304e47c3-ad1a-4f91-a25a-7eb49ab59fd0
162,79905c7d-9e4b-4ee9-9535-511f077b983d
163,6b40e62f-3af4-4099-8fe5-cf2b4464ec17
164,d73be226-2872-4449-9d4d-93eed9a427fd
165,4e1b9a57-2e09-400f-999e-49a6c5509d5a
166,9f127d74-fdb7-4d5b-beda-33ee1030588c
167,8f2826ef-9b4f-4718-a9a0-7c792a43d8c2
168,0c2560e0-19a9-4e0c-a535-83f64667af68
169,68609062-5506-4ef2-b595-11f629078ef3
170,c157a16f-ab60-42e5-82fa-a4c01408eb2c
171,6aab4553-be39-49f8-96f3-a451129c0eb7
172,04c788f0-732b-4630-a2ee-c1b51712bfa9
173,638001f5-39aa-4981-8a09-3945f9553202
174,c3599d99-48db-4130-8690-2e4fd7cb040a
175,1591e0f6-0ba5-4c7b-936b-95c1904289d9
176,d9de25d0-342e-4f14-bc45-09c3d9d9a123
177,e9ee3366-262d-4ac6-82a2-a167a25ac4a3
178,7a1b1cc6-e1b9-4309-8d23-d1521bc64ac5
179,75793391-42b2-477c-9ac3-95e264a85431
180,6ad40cf4-2639-4ae5-a153-907a8fed4560
181,e78709de-4228-4e1b-9f14-783c9fe5600b
182,a3a6b195-f3f7-49e8-9b00-bb84948844a6
183,02d79bd7-51d4-413f-b769-92b6011364fa
184,c296f377-87b0-4f38-8302-a7cf04810698
185,3e00df33-2c77-4be9-ad16-81f61734cee6
186,49f987b6-0b44-491a-82e9-cc29fa0ccf39
187,42697e63-a6a2-4f5f-87fe-770bdd0a7a81
188,37e61f53-f3cd-412a-8274-1eee3f6741a3
189,01db844f-7ba0-43a2-8d83-39cef8505e35
190,68c0db59-216e-4ad7-922f-ca39e68035e8
191,0662010e-3d64-4111-956c-e1e2703ee704
192,afde04e1-4135-496c-903e-dd5a2d4a1334
193,72502462-5cab-42c2-8cbb-2d2b98a746ff
194,8022ebc7-d818-4014-867b-e271a2d1f3f8
195,4f992fab-7468-4369-85a6-4f1beb4f2f66
196,b719d39e-ca15-4ca1-a9ab-08c99ef17237
197,6c3513b2-a217-41e7-92fe-3ad664e1c0df
198,4724da87-2ab6-48f7-bc1c-79da226852c0
199,5d654434-9c24-4eb8-bde9-7ee7996ef7ec
200,58c47b66-e6bb-4198-8924-6a464b069047
201,7342dabe-3455-4ae7-8879-798a4c121409
202,47e2cc33-e0c1-4479-8254-a14183e2c835
203,9141fd34-f9e8-4470-ba02-11914aedcdfd
204,a7110cff-d4b0-41b7-b2f7-cf9df7d533b2
205,c57f9472-89ca-4b27-9df0-adbd9b34aa02
206,ed6d882e-461a-4543-bd50-3288179a417e
207,9efbdf77-b302-44fc-9911-9b46c09305d5
208,1363dea6-cdca-496b-8f1b-19484a75faa4
209,2ef826bc-d5aa-480a-a1a6-349be310ed9a
210,0e456011-4f20-408e-b703-7a71670c7a58
211,963d3749-995b-4bda-a18e-b7b17ca9daf3
212,df965167-85ff-496e-96bd-383f3ab6d3a7
213,2ed142a9-7f9e-40f5-baab-1e1e47f0bc85
214,10723770-549a-44a5-8826-9a2bb38bc4d5
215,f8c0b794-cb51-4ec3-9190-bc6d5afab337
216,ad20635b-3e94-4b78-a4ea-613b44b43bd2
217,14c794ae-b164-4e2f-a04a-bf24a54e76a9
218,bb21c83c-5c4f-42c3-90b8-ef2ae5b967cd
219,68c6a718-b99e-46cb-b67f-d3f035c79f91
220,799b8c13-8980-4ae3-87d4-379479903bf2
221,0d75d077-455c-4da1-aabc-a9f65ed11089
222,e9212e65-c079-4199-9503-2755fbddd488
223,886a3549-b781-4d63-aee0-3442ca17f207
224,73499c22-1594-4610-88ce-c8577db0b11b
225,3d86f7fd-238b-4c93-aaf4-431a22091463
226,b3f42e51-1240-420c-bce7-51b4257f5d0b
227,77a4bf40-182a-4ef9-8049-b9247c599207
228,74a8d33f-d8ae-4257-9bb3-443727feb5ae
229,3cd46536-494c-484e-8b16-847e0da943ec
230,5cb8671c-52e9-49f7-ba35-03f1b46e4f39
231,b2296511-8d2f-4cb7-8165-0e34f7656d5b
232,896ae905-1595-4c4e-9ff5-7494c9f8e94f
233,b5e4e468-d4ba-41b8-9a62-5d13689a0347
234,7b390c39-a1ed-4751-8d4d-9a3568a59721
235,59ab361b-94cd-448d-a92f-a66f3a6991b0
236,3923b5db-d92c-4502-a9f1-babd14c65684
237,1981b060-de34-4ce1-992d-e9449927a14d
238,36e61fbd-e3bb-416f-bb19-a7158d99f83d
239,0d3b5b30-caa4-4f00-ab19-b4c7e49de78e
240,2459df09-fbb5-4ccd-b0b1-7d19947bb5d0
241,ee6bd718-f1ac-49de-ba3c-116a0bd7e2b5
242,07d98fe0-a921-4c44-99bd-f061f68cedaf
243,0bc3376f-0bc6-446c-805c-66cfb089528e
244,ea64ca11-e4a1-4790-9081-3afaad1408eb
245,840e13b3-814b-4879-9f41-8ca90aba4ddc
246,748c2baf-a3cb-42bb-9fa9-bb0bae782622
247,597cf740-df2d-473b-8b3a-db1518eff3e2
248,8985e231-5898-48db-918c-558f68f397de
249,a7ab144d-2d52-484a-a4cc-144f085432fc
250,ee0fd1fc-340f-4212-9b1a-f9f90559d0e8
251,d49cd870-5a5c-4c04-be6d-51c6bab85ebb
252,64748eb6-8d2a-4ad1-aa09-14394e21aa3a
253,fb4919c1-74e7-4175-8487-a9d39f72b7b3
254,09705011-f630-4461-9908-0b7aa532775e
255,ac353c16-9139-4a67-b2d1-2a77668a59fb
256,6e5c6108-cf1c-46f3-9d63-964e3721ad72
257,58f4a028-dbb6-4d8c-bfa3-c223b2902e7a
258,f7995974-4b30-400e-9ada-5f088fc615ae
259,89aadefd-50de-4f9e-ab3d-dcc683d7b1db
260,6a0e6f8b-e88b-414c-8b2e-4f97f5a889c2
261,305b4a4b-39cf-4225-9b93-c90cc9f60602
262,5de37fac-3b69-43de-b93d-9304cc252e41
263,67af817d-d0cb-4d20-8327-5a29cae9914f
264,2e5907a9-e511-4528-9307-998079b0899f
265,c7bba654-b453-4125-9c6e-d45369c383b9
266,1d676430-22d6-4390-a799-fb85922bef4e
267,1918b75d-fb97-494d-887f-d3f542c38a9c
268,8bdc201d-a437-4491-b83f-56b931d56c9b
269,bd02b879-d988-4f76-9106-f621a501d7d6
270,de5ef9af-ff6f-4650-9899-39083ffecfb4
271,a65b6382-3afd-4179-8a3f-d5c255550ccf
272,cbafb6a5-1aac-44bb-8d92-60a7b2064ce1
273,fb267636-02d4-4f77-92e6-256e5b265557
274,a404d202-9d5e-4b30-acf0-5d7ee25259a5
275,30e8adf5-e87c-4053-86c0-6c33bed74987
276,cee6948a-3dca-4196-be39-f1eb44b89e37
277,d70f3041-8161-457d-b4ec-30bbaf36390c
278,fa4e2e8e-69c1-4911-989c-8dde2edb0bf6
279,2ff5e5d0-75dd-470b-9868-eeab1af386db
280,0befdc1f-d35c-4b7a-82d6-56800e4b0921
281,8f37e907-8108-4356-be07-a69c762f8661
282,f9538e6d-954e-4687-b6ed-022b1eb4639a
283,53107e82-ce82-4568-b56c-1654c5776f7c
284,48e61e91-2fdc-4fb9-8145-a85ea23bdf53
285,7247770e-5fc4-4323-81d6-a56d601f8885
286,bf12d1b0-5530-4605-9075-8b39cb726f1d
287,4fe0f38b-8aca-41c2-8824-e1be485507e8
288,8574563e-af82-482e-b2d9-efc68ce38bc9
289,19d7dbdb-dfc0-4251-b5a4-0321db74ddf2
290,7db9d347-51d5-446e-a3f7-24fb6a917c12
291,62a4dff5-0258-46f1-9e6b-481336aa1725
292,4844f35f-3cde-4adc-be76-d49b6d2b1940
293,21ae1069-131f-4db9-a511-2ff5d3ed823e
294,21ef5267-c715-47ae-b766-b2a3a42b6a97
295,399bbc48-1392-4ae0-973d-7b6fb4b73188
296,d6faacc3-6fc5-46cd-8d57-6324f7c859a9
297,ac4de537-5467-4c70-a89c-f0742c8c52d1
298,41f69518-d297-4a45-9c3e-0b33ef0c0333
299,a55ef030-8f4a-4d04-9a31-45afe7b71293
300,33fe7c68-24e1-4256-a201-5934b500eb51
301,6e43c4f5-70de-403b-9608-d9ac857a271e
302,6740da53-5c78-40ac-94f2-b0938f129d6f
303,71a3208d-0a06-4d14-8df1-f1880ece210d
304,2f7d5c81-6da3-4c66-abd7-9d4591cf743c
305,4afbb668-8d24-4a92-937a-a96f922c21d5
306,8071b89f-e598-4414-8334-be803009921b
307,55e1f84f-75c1-4243-a174-bc01f5ffc04c
308,cbda3439-47ff-4eba-a43a-150e8ce7a3bd
309,d432f7c1-24e3-414f-99b9-9cb9c71b8a89
310,fc0a84ca-0603-4201-887e-7163e34b62cd
311,ae0f023e-7c85-42f7-a4a5-a052cfbfc40d
312,86786848-3643-438f-9975-d5890daeebf5
313,aab102de-01e2-488d-8037-5a413abf91e9
314,9b6a5649-5b61-42b9-9716-4aab4cc2b350
315,f0397fc5-9590-4ce4-ab56-d41f086ef3bb
316,9b304d43-422c-4af7-b1c3-847a3bc5a80d
317,1da1697e-2d8d-4da3-a599-a288fc94e91f
318,77fe88b4-e0ce-4e9c-b24d-c3f8a7d06c3a
319,1f151119-ef60-4282-bf1d-b9cf80812113
320,e90763e6-33b3-4b9b-8adc-4c241e5a6c80
321,25360b41-260f-467e-8a35-1d0721ecbdb2
322,62eb9905-e1de-4a63-a6bf-047227032bff
323,de0f9e7d-898a-4352-a806-e4c659f46193
324,8af9fe25-fae3-4352-b8ad-8a251d2f3271
325,0fe85429-507a-40ac-adf0-f6a69297650b
326,8fccd7a6-a817-43fe-afdb-3dc27241761e
327,848c0604-6341-4871-8b7a-d3bf845fca8c
328,84bc98ec-3e3f-4916-9047-2c81231907bc
329,cdef6ed6-d728-48da-bfd0-49bace8bbae0
330,c213800c-f733-43e6-a160-889568ea2595
331,ce321ac5-655c-4242-9129-70c6cceeb470
332,6b7df737-3dee-4f74-b323-1a154ebda463
333,084ef81b-4c07-4a88-b3dd-f98b6e67e547
334,09b5019a-2375-4f55-be3b-56d743e9ede5
335,51b734f5-0645-4e83-b522-7cfb7f413d01
336,1d9de4f8-6539-4cf7-b1da-33595b67b72a
337,71c92785-ce2d-4276-ba16-0b51f0e9dfee
338,2ce0ee85-94ac-4ce5-9c34-81f57e715950
339,75b2077c-e972-452b-a192-7afcaeb2df0d
340,7e495ef3-39f7-45d7-bbef-900821dc49fc
341,051ddf22-244c-48db-974d-c013ee7f50ef
342,61b5cc5c-1c50-4580-a642-7bcaaa33fd70
343,d1120048-d5fe-4f9b-a584-b9f13c7daa59
344,f2791953-e4fb-4262-aa44-dcf4ae68f336
345,1e25f616-3a90-4210-822f-f86a5474436d
346,441bddd9-80d3-4439-a5ff-9d0178bb7fb1
347,dbe9c116-295e-4338-8b61-e7a5d4124827
348,76747b83-c151-406c-b194-7e5ec0dd9fd3
349,1dafcdb2-1a49-4d5b-9d4e-a26af9025650
350,38e1b267-dd85-4278-b5b9-c7cb8e301f8c
351,ecbde09e-29f0-4b8a-81d0-8f69192d0d16
352,f661054a-d2fc-40e6-8f85-5296ccf6c815
353,ce327e4f-fdf7-4e93-9d8a-7f31be3f9d6e
354,14e742b8-0cd2-4b76-bfb1-d5a05bc5c7ac
355,f47c6de7-97dc-4e8c-a027-3fb86546bc75
356,d6cd1fb2-bc8c-4c7e-a4b6-2491e2772de8
357,2a11e53e-d9ef-471f-a262-d941f4e1de74
358,f813f751-a1ed-4d2c-8cd6-eadd9af525b1
359,d9333f18-92ff-48db-865b-be63b4b7ca2e
360,41e97382-3feb-4355-a5bb-cba851987ec9
361,db6c190b-7e99-4b41-84e0-4fb4cbd2f694
362,0d5b9b95-439a-4351-8d1b-2b33e4ef98d0
363,4a06c375-6068-49d0-a876-0a78d4364e00
364,a2abc688-2ec0-4047-aca3-ddf756dfefac
365,c4d5aedc-9b94-45a8-ba69-4b634900ebf1
366,5070492b-3042-4698-8ef5-344720a7fd3a
367,17b0645e-436c-4a1f-8566-23463c29b117
368,f523d024-3377-4f72-926a-ce3b81d78c76
369,0285bd8a-f2b3-4048-9dd6-fdf720e0a7e2
370,3ef4898a-0441-4e39-badb-db0414f813a6
371,e4254158-7a78-4f39-bb48-329d6c3adb83
372,355ccd64-1cda-43bd-b6aa-923141b2f79b
373,cbf1615e-ec26-4d6a-aebf-c24b636ec809
374,62451e08-0e6c-4b9e-9eee-3d5551a01554
375,cf63fa43-36ff-4153-a6b4-19347e0af4a1
376,cc7f2bae-8049-4ee9-9536-97c6bda0d9c7
377,cc548e4d-f1f1-4cb4-802f-b78404e0e6fd
378,f910fd87-5f25-4c57-8eb4-038813514898
379,8ac19248-42f5-4424-a114-71926c7da929
380,9fe924a4-c2dc-49bc-8c1c-03afb16aa72a
381,0453de02-0476-456c-a0fb-5aab2384dda9
382,ca30b493-2417-4e71-a920-9d2ee5f8fa6d
383,db3858d6-ac23-492c-88ce-5022ca17a7a8
384,e5aa41f5-14a5-4634-b9aa-b91404ac1846
385,f2101070-5a9b-46e8-a748-cdb222e4087c
386,898ec7ab-6321-4e1b-a9bc-1377655e1ef6
387,95ee4e36-5c93-4695-bdb1-b7311d720157
388,b37077d4-0b1c-4c7e-ba57-0d2e73072ebf
389,cfb9f6bd-0483-4123-a3c7-dad01f4fe28b
390,c4ca79a2-4e8b-4335-bcc5-be68d704454c
391,06ad2f2b-3eff-45f2-bd3f-5544f9ab6eda
392,2e80f995-7e2e-4e28-994c-b6e51537f915
393,428a07bf-2170-4ca9-ba1f-217fae3779de
394,456fd3c0-1afd-4f13-a05b-f8bd49a86fd1
395,84a958e4-92db-4797-9458-a6fd2d67f6c6
396,a4a342b6-197a-4a49-b49e-b2fdf0222ab6
397,f4d754da-6090-4fd7-9811-c6d266ba6c42
398,3776d733-aaad-40f8-9d20-c89215147f8c
399,f9ea9426-b575-4969-88f8-8140da517e8b
400,3939b84b-c1db-4831-897f-27c2ad586058
401,82a7a7ae-2b5d-46ff-94bd-591f869a5d8d
402,39f9e8ab-4aef-43e4-a9cf-4164bd72f840
403,cbdf44c0-41e7-4d1c-9835-0d2bcc5bb04a
404,00f6634f-9469-40a9-87ff-c8ed5c2d40ed
405,e6467bd3-1dc9-4b18-aabb-576b53df4f00
406,8a320dbd-653d-4d25-b8b3-79e4a24a2573
407,f801c2dd-197a-4b89-89ce-3d591dae28b2
408,3ed3baec-c486-45a4-bd12-f449d66a23f1
409,c18c3e32-0725-410d-b048-db98ce9bf146
410,979edec2-bf84-4ebd-9aeb-16ea8d7909c3
411,e5ca0367-0167-42f6-9b0c-99f5070d5898
412,2d83b28f-237c-41a0-9e5e-506ab8bbcdd5
413,9400d6a7-440b-49b1-9909-a980d13bb596
414,2b5197c3-c663-482c-95cb-8f5886909447
415,41dbcb38-3eb7-480c-ac03-0e4d0156cf60
416,ee719439-05e8-466c-a1de-f9bbaf6af65a
417,89c67a7d-1bd7-4841-b799-a3ddb18e8032
418,ca213b91-b07a-40db-ad69-7bf331ccacc4
419,f5c0582a-56e6-46c6-aebc-8edfc99a024d
420,3f864e37-64b9-418e-90fc-ffa2a54fb30d
421,b2edb3b7-0eba-4248-a5af-4b4c9fe7629f
422,3d6aa61d-3642-4980-8e0f-ee6c9179db4c
423,b724fbc8-7a8b-4fa4-8b96-133035287c7f
424,668d4b11-e126-4b12-bbaf-786c2483991c
425,1cf7afb4-8c52-4dde-8543-619bcbd71ca2
426,b339d249-26fa-42db-91cb-a4d3dea6ba39
427,bca870fd-dfcc-41fb-866c-4a06c8edd6f1
428,69d1a6a0-a9e6-4071-9f3a-fb9310af50e2
429,6fe7b9f7-0010-402a-9d43-cce91b8387f6
430,6af2369e-e91d-45e6-8b74-efa5d867bdc1
431,d62c8412-06b8-470d-a507-6a2019063be6
432,38df8094-fd3d-46bf-acc6-aa51287769d4
433,4677e280-ea62-4561-beba-a5e7178774dc
434,11f58138-00ca-4d2d-a5b5-28d16efc9e12
435,40ae3e04-24c3-4adc-a7c9-27ead46db147
436,2b862214-576e-4d96-9ae9-6b9447fb2500
437,a25f8399-c83b-4a82-83f0-b03ee09c1410
438,9c4d6c3b-ac48-47bb-b140-fd2bf628d9fa
439,996cb050-d05f-4a7d-8181-d500e9f68f18
440,4f134a9b-c8d1-4f8c-b944-2668a054e080
441,9f7373c8-9217-4c62-b6e0-9db1aa82b807
442,94e583c2-9881-4070-b14f-650f331fc30c
443,90176243-aea6-4ad4-aec5-4a65c0042edf
444,02aa971e-80a3-4c6f-a9a1-44c80dc2987f
445,3d262808-59cd-4b4c-b142-7547c616bd9b
446,9e490962-54d7-43a5-a407-fac89b269c11
447,33d34e50-ae66-45f8-8d9d-18d32b430d09
448,11c3a63d-4cab-4ddc-9324-7eb65a736910
449,952885b8-4f0a-400d-a52b-42dff775c302
450,bbe0725c-d818-4e9f-bd46-cd78bc98a603
451,6a7c7d41-e5fa-4192-ae26-bf17105773f9
452,65cacc7f-6ffe-4b2e-b3e7-701a26232c36
453,22596c9d-915c-4916-96fe-f39fbe786fc0
454,251efdc5-efb4-4a20-8ca8-e1fbfd5ff70b
455,80623fe1-7d3a-4e48-ae64-3a72fa188af5
456,840d59bc-1001-499d-b5a6-3ed680c04298
457,8f571465-95ea-4ee2-89b7-128517d2f62e
458,1b47c9e5-93e9-4f35-95f1-aec514e01fd0
459,a4206fb3-ddcf-4935-b950-fd85d113776f
460,cea08b2b-711e-4197-b1f2-8989cc11cfa9
461,13daf210-c8c2-4567-9596-6f46821e6a68
462,18bcd124-b0ae-4593-84a1-48a9a15d7d4b
463,eba33b13-33c2-4f46-adcb-b5167e961143
464,de778328-e332-458f-b3ef-0f44aed279fd
465,680e2899-748a-45e0-86fc-ef99eb6719f0
466,6a0fb0c3-adda-4db4-8ea0-e7397914831f
467,7fb6f3af-423b-419f-b0e3-216287acd8a4
468,fed4fc0c-30e7-43de-bed3-aa9e41433d0a
469,74201ce1-9b42-47b6-9109-09fcc26691fd
470,caaf4eae-f4e9-44f8-b271-17cbb9bdf142
471,f494bc8f-b9d3-4be9-9f91-1a1eff1f44bf
472,a3398417-7168-44d7-8be8-dfe2d7efb21f
473,69f09fc6-4420-457a-bcf1-d40d82b09b2f
474,277e2d2d-ef36-4e65-b270-014ff42bfe77
475,43915904-59bb-46fb-8303-eeb227b71962
476,f6d65f61-30eb-4a78-947c-0ac010a1d7f5
477,e482c990-5c2d-4cb6-8281-2cfb79cabaa9
478,c92184e7-e516-446e-8b83-dac624538731
479,f8f81eb1-38de-4983-8852-13f5590eba04
480,b89d362e-76bf-4e64-a9fa-c239a2e31070
481,08981082-d00d-4971-818f-0bd89615bdd4
482,9aa18088-9b28-4d3f-ba35-e2f309875e5e
483,14f691ab-d1fd-478e-9a86-46cb44863617
484,d8048f4c-bae0-4519-ad3b-7a0e4cd09cc9
485,0214734b-c0a7-462f-9096-05191c5d97a4
486,5708dac1-4151-4240-9a1d-91b62aba37e3
487,1808836a-a5d3-4f57-9cf7-ca3fa33e69b6
488,bba58861-5b9c-4be2-b6a1-cb096d855c5a
489,78ecffdd-a627-456c-b376-454246c3b58c
490,74a3c48b-933e-4a81-a45b-cfb84e762a12
491,2c285832-093c-4ff5-a6a9-a0dc2b477597
492,af72fdb0-5a59-4586-b950-a52c9c71b492
493,7b60fd28-fe24-4d12-90d2-ee21722427f6
494,223dc9c1-d15d-4883-bff1-3b63f9a08456
495,684e5d1c-57cb-4a9f-b951-b69cc404d9d9
496,e93a7379-8876-4edf-bc43-7e766d154c1e
497,19b44474-93aa-4874-9ff4-8df54451ac29
498,0d10344b-c427-4aa7-9286-162b0c2ae0f5
499,5d33b7f6-90e8-4a6b-9f90-8ae86632183d
500,04da0e7f-6209-42f3-8360-5447cccaeab5
501,21211020-f1c0-4950-8f97-8354f45c8599
502,816f83eb-3335-423d-a509-7afdec9a45a2
503,07ae416e-16c3-47c1-9564-f82c321191ea
504,0912bd62-dd56-4589-82f6-43a21a795bd0
505,a263a073-052b-4f7f-949f-9320fce174b1
506,634118c7-1ba3-44c8-b233-7ad548af31f0
507,4348c32f-294b-48ab-afea-bb83e7b82853
508,f3707e59-5c01-4c04-88e2-d59ae40d4ef9
509,3bd46ca7-e5d0-42bf-8a43-c7de7cca4039
510,e100aa9c-f104-4c46-b3ad-fd0397d80eb0
511,d302f199-ff10-4e75-8089-17cdd2b35686
512,2ee299a6-5914-43c6-94ef-523e20432fea
513,18da3f22-a384-4382-9ebd-27aff3ac63ca
514,65a011af-102a-4acb-abc9-e088dc021f82
515,9f4ab18a-5437-4b44-be5b-87a2e70fea4d
516,ac9eab77-9383-417d-8413-3591c8199462
517,564ada5e-4f12-4441-ae7b-5864b33a1d96
518,9dfa4fd4-8206-4350-b7b9-e91e918750fa
519,b66500d6-031d-4dfd-b88f-0e4365b80484
520,051e3c13-5848-4096-9b60-94b7f19110f6
521,2e393e4d-f43f-4ac6-975e-1515b0ed2e5a
522,ce1cc963-96ef-42a9-b10f-27f6353691b5
523,635e41a8-c446-44fb-ba8d-ab4a907d67ae
524,a94f57d4-bd68-4e4e-8f26-b947881d8219
525,62a8b3c0-29e8-4f5a-a555-ce9d144bc95e
526,3fc1d7fe-3c83-466a-8e3e-5a240460c233
527,97b8fd49-6126-4659-a5bf-86e2e760553a
528,97f398a6-1f94-4abf-a695-f50d18ce92c5
529,1f27d99f-57f0-420d-8995-2830d2e55b2b
530,f7264aa6-250a-4e82-975b-a641f1b2e8d9
531,8ad28540-f797-4b77-8cf2-dd9fbb866c05
532,507be834-2956-4745-b478-d8339ec5743c
533,4d15ce84-b011-4a39-adbb-01d208d1f52b
534,6179cb6b-9d0f-415e-b890-a98669fff5bf
535,0f9702cd-2257-4097-92b1-ed639ced37ab
536,0fd13365-eeee-4de7-b13b-75caeaf4e25f
537,cb403079-c3cd-4fcc-aa19-8a726ed0a039
538,b11fcbfb-1cbe-469c-938a-90637907175e
539,2e9d9426-59e1-413e-9eb5-decf87d2413a
540,f68cdf2f-1a74-4d4b-a182-fb51e21a251d
541,daffc5d8-0588-4a16-814a-79ce4379552c
542,6b44d8d0-e3ae-4559-8cb1-9b899f63a756
543,660c5342-b258-4c24-a898-3585afe17b5c
544,f01b3e46-7a76-4655-a23b-e4b558d393be
545,0d4a9c43-7c7a-42ce-8895-794ea9dd77f9
546,fd2d7b39-6cfa-4f8d-8b8b-de63bd054fbe
547,93c683ce-2605-48cc-a984-3e6b4e31e951
548,fcb13c23-702b-4918-b146-122ee5a30c6f
549,e97d2ab0-c38e-4a81-a189-55de51f36011
550,62f82433-9413-4432-97fe-a747fbe3f7ec
551,56815933-55bb-4dd5-89ca-f8b5225825dc
552,cc5492e0-e792-4447-98f6-8590cb9344fa
553,dbdace48-9ce3-402a-95b0-18931b1e8e3f
554,3275a273-40a4-4844-b9d5-e64a5cb9604d
555,0c52b47f-868a-45a1-84d4-24d4750b5c21
556,8f1ccf3a-b756-42ec-9874-0730f65d1949
557,a55fd2f7-3067-4ad6-9bd1-2a3ead2cded3
558,306739ce-0727-45bf-b1b3-a09f0c71cb23
559,7204f7a0-7b2a-4117-8cbf-5663b87ffd66
560,0d8507df-430a-4c52-bc44-201d944793ae
561,eff65a74-11d0-460a-8661-1ae9b2cec75e
562,e7e47ad2-d4ff-449f-9606-3a0dcb8b0bae
563,1f638407-c1f6-4ce9-ac0e-d5c6789adb3f
564,3824de71-e6a1-4c3c-8618-88a5932a1fd3
565,b4c4b7c9-f118-420f-a8c6-757a1ac46d49
566,6bc9a498-4fb0-425d-8f46-14f4f3fe09cb
567,6e8acee6-0a9e-4d76-bdbd-055cf195af52
568,a8b01321-340f-48bb-823b-776368d5ee99
569,493ff5ea-8ffa-41d4-baef-4c43e1801337
570,dc67e569-0571-4e32-8502-a7456324a229
571,495d1379-3285-49d9-be65-90f65274bbc1
572,78928d29-e215-4a56-93fc-f887e4a20de9
573,7d86bc4f-3ab7-44f4-9ce0-8684aae5379e
574,163df20b-fd66-4a00-a1af-3c8981d1a8ad
575,431d3cd9-92e8-40b3-b4a4-9c8bf4a140b6
576,dd31644f-497c-400f-aefa-9edc41b76654
577,f1c4c972-f641-44fa-81a0-6974229a72b9
578,8a9db140-7a07-42f8-a4a5-dbcf2cafa9c3
579,ad1ab953-6fb5-42c1-915b-2d462ac26de2
580,1d05d982-f022-4bfd-9f00-243cd19a6d72
581,c3bd8d87-898e-4c06-9d93-e22a104a9c47
582,bba5d731-48dc-46a0-b403-4b67a86a6060
583,a120cc12-0a72-4751-b939-2e8fb722a0bc
584,be4dee9b-af63-48c3-9b1a-589ee4556fd2
585,9ce3500f-6fdd-4237-b7c2-102d288caf6e
586,86e0f2ab-cc02-4ca0-a8b4-a5001e109e38
587,4a3100ec-aed5-4f78-9d69-8378aac13c70
588,551d2c78-f8e7-4704-8cd4-bb6d6767a604
589,bc631daf-b4e3-4cb9-a285-80024ce2c92b
590,5a187b4e-cd6c-4665-9b92-41f9ca0cc68e
591,872d26b8-a919-4ad1-a993-088ed22af82b
592,e80cde27-acc3-43fe-8c66-a6c1868c7106
593,8c10c556-3e67-453c-ba13-9276f887f8c9
594,c1b9adb2-4172-4061-8be7-9b41bfca1d8c
595,f59601da-1659-44cd-92f8-51cdde756843
596,9593791e-a4f5-4965-9ef4-f3c0181dd97f
597,c02664c6-9af0-4010-a1ef-700fefeac0ea
598,2f0cd3b3-497f-4be1-9a3a-3f988f41b274
599,3297994a-6919-4fff-9316-d0c807d793ba
600,1f2325f2-88af-4291-9132-b96468671e91
601,3b2c4df6-e5bf-46bd-a153-a836ef9e1959
602,00e50f38-ed04-4b6c-9040-c2f4775b0af9
603,814f457b-6cda-4b81-b8af-c9c06f1cb539
604,ffdf164f-02af-40e4-9134-2e83995c80ab
605,85c6e481-61b0-42b7-ab49-8efeb8de42de
606,b70ec999-2a10-4f56-ae84-5a85a975212a
607,6ef1cfb2-8ce5-4109-a281-c25a70aa0613
608,1b3eb3f1-1a30-4da4-9d5f-22ecbf26ea79
609,f2f1d2f2-cfaa-4b86-be51-10d9073d0913
610,d49fcc00-d1a7-4f20-872d-6d32dcfdbc6d
611,3ac06fa4-33bd-418e-aa3f-66964562f1d7
612,59a4e8da-96f9-4f9b-9091-ff9347583ee8
613,8efdbed2-d256-4a8a-b1ad-bf62715599bb
614,ab8bd793-8c3c-4e18-92e2-d536f4506d19
615,6727d49f-f1c9-4b92-98c2-d2d3c760a3fb
616,bafbd38c-2d02-4c9a-b447-6976704620e6
617,a51a9387-7172-45b3-b6f3-f56203831c47
618,fa209891-050e-4262-8d86-57da0c71840c
619,f6bfaa86-93d0-4f4e-b453-2db94603ccee
620,686efa19-097f-465f-80b5-1cfebbd20276
621,4f9fcf0d-555d-430c-8250-e91f348d1a2e
622,8e8b533f-fc6a-4cde-af14-c22c852f6101
623,26ad26e2-331c-4539-8e6f-0f380412d3e6
624,fb1f61e4-79bc-4727-bc8e-b9d2ae9d151d
625,86b2f0b1-ea83-48be-ab8e-35bc2f551973
626,1a137c09-35a7-45b4-a3e8-1125914857bc
627,862bd658-040b-45d8-8ae0-be505b2d50e5
628,b3251f6f-2f85-411d-a5c0-ece0d09421dc
629,b591a504-1fd0-4f46-aaa1-4575b7530e27
630,63618301-8f27-4cf5-a693-9a806b045f9c
631,146e6d0a-a048-4334-8c8a-ac7acd013922
632,e570aa8e-edd7-4d81-a5ad-4b284bdc755e
633,1537a083-2067-4749-bb53-e1553c05f8e2
634,d39c8675-d9c8-45b0-9a4d-778ff6bceddb
635,c7f81572-2749-49b9-b551-2318f7901fbe
636,cd3566b5-0e5a-4b48-a843-819dcdbe1b92
637,e961eacf-189d-4286-a9bc-6585dd238261
638,0d001794-b930-4e7f-a8bc-b4cd981b77af
639,726ce79a-114c-4cc0-a895-54dc5861c7fd
640,438d1419-628c-4001-a5d1-346b94cf1cdd
641,0cc1a6cd-289f-435b-a058-30bce5e77bb3
642,39e7fbe7-562f-48ad-8bf0-9e57fb540c24
643,fd240407-98fc-47f7-9633-200e1be7acc6
644,dc037732-6576-4797-aa3d-21fee8956cde
645,885b9781-ca1f-4ce4-aa5b-3aec0f90777f
646,7dd27e8b-bfe8-41c4-a3d3-fc633677b340
647,351639cf-fb76-4927-a9c5-2686ce21f1c4
648,71d82d76-f519-467d-b077-adc4fd3af629
649,bfadac36-3427-445e-ad0c-4829cc6f7015
650,b0fa25a7-7cc2-406f-a550-7c7577968a6d
651,d49a6d8c-1716-4aed-b5a7-8d44e794d182
652,80234e83-abcb-4ebd-9cd6-3d882169683b
653,1188778e-553a-4680-8e0d-80900ba63fc4
654,a3d5d9d7-4af9-4729-99f2-f3d75171ee74
655,bfd29da5-622c-442a-a5d8-5ad981a79d3a
656,8b7e3eb6-175f-468d-bdfc-a69211885f52
657,848d931d-8024-40ed-b245-2853a433c347
658,0c1f153b-f903-4f7e-b186-2fdb7a935ff0
659,d94ec410-53a2-481f-95b1-3ddefcf1f430
660,8a65e962-1f18-443d-b02e-a521dfcb63d0
661,0743f90b-7131-4d6b-b51b-6d1227bb7b35
662,071bdb5a-85eb-4fb4-9136-dcd328fdad49
663,ca54c57a-a26b-41b1-abff-ce8b94d353fd
664,ef793f52-6128-466b-af27-2c622ff85414
665,ffd859e6-76fb-4b51-bf0a-1c4ebbfae741
666,a79e3a50-3021-4809-a1f6-f1e5db8d6daf
667,bd7e8806-80be-4efc-841c-15dc465fbb5a
668,c7a00705-19a5-4fe9-832e-a685c6d2c799
669,ca707fe7-7b1e-41f3-ac1e-01abca00784d
670,5e31e0b7-d638-4deb-adf0-23026d159824
671,2da5d4fb-74b8-4d25-85ce-b2389f8cf5f5
672,bad592b9-fe52-4b27-b532-f720cd29e41d
673,f5457fe1-e627-43ac-aae3-f3ca2315b090
674,16d17ba9-a9fc-407a-ad0c-be5096428bbd
675,23f62fde-c79d-4504-80ba-54b91d99c81e
676,968950b4-3cf7-4971-8b62-b362ef89e69b
677,b162a7cd-49ca-425c-9d23-6226801a93a3
678,2c773b4e-4999-4eac-88ff-8d3813bd61e6
679,d9c2cfd4-f39c-431b-9a21-534b7a7b0433
680,73bc432f-7cb0-4e2d-9bdf-705a0271b12a
681,c1280c10-f2e4-46fb-aa18-6c4511e57491
682,20957239-99f9-4255-8bf2-e6598453c8d4
683,118f5807-1de3-4431-95e1-b9d89dfdd5f0
684,f05fec2c-27c6-4181-8a30-3496f30e29ff
685,25044c85-03eb-4c40-acc2-4daf85227393
686,7c5aa3f1-50dc-4744-8e3f-0ba7ca002567
687,1b1fdbf9-d9af-4758-90bb-aad126c1e346
688,690a72bd-27e9-40bf-87ca-0d7ef5c90387
689,d4fab119-2ebe-4c48-bc70-c9c2dd176bbd
690,0be6ceb4-3452-406b-bef0-652a92735387
691,892a4f69-3458-43d1-ba09-b3223aca88dd
692,fafbb15a-1d01-4bab-8d2f-3bd09f165b11
693,e46dc98f-0fe3-48af-b403-9bc142423393
694,bcf7854e-6c98-4c73-99dc-aa5252c7aa10
695,36f0e65b-f099-4ee5-be5a-f0eb4808b9db
696,f6ffa559-4cfc-4dbf-b90c-e0e64c1b8de0
697,c173001b-2d4b-4e24-818c-d3b1ec4b4e83
698,130559d6-7f14-421d-9651-fabad95f27a6
699,b478ec2f-3dee-46ef-8aeb-615c15fab542
700,1c0b2bc8-f4ca-4952-9418-b1ba6563778d
701,51dc801e-5ccf-4ad5-906b-5e84d1419ff1
702,314737e1-f078-41e7-9a48-87fca63e223b
703,65f79f5b-8817-4699-8eb6-61e22c50e2bb
704,4692c774-e01c-4da2-b982-a5740e0663cc
705,0397ab92-fb71-49c7-b806-df3c530a123a
706,a056ba7f-631c-4e28-b5a5-388bba8d9589
707,f38776fa-92c7-4bfd-a402-c7591f1fd6a1
708,9b51aafc-7e1a-4c10-abff-8aaf97ff7b91
709,e5163fd6-f558-4044-8c7f-5e5292efcab6
710,fba3d7c1-904f-47d0-86c0-e7f9dbf71417
711,ea43f59e-10a6-43bf-9e5f-43b14e04adcc
712,a04df82a-866e-477d-acb9-f809443d8b59
713,805c7d1f-082f-4b8a-b098-49f94cd114f9
714,34f4fdf4-ac1e-45fa-b219-4f3c3c2e5e40
715,30ee5ef5-b1f5-4285-9e69-fd31273645c4
716,e18f5c29-ce4d-4cdf-8ca6-7c4e860e5cc1
717,29fb09cf-0867-4b31-8a6c-21e6a411c709
718,6b41097c-8660-4ef9-be12-78608c2f3c0f
719,e0a3256f-b625-4a34-944d-5bd93a90bbf1
720,db8a11c2-9077-479d-bf17-f597b7b8c850
721,f8f25f1d-de14-406c-8144-518a3251556b
722,3d4c7ac7-7018-42ff-afb5-ec0f2d9e347b
723,5c8561af-c0ea-48c0-a009-d73791241baf
724,0263f865-ed8f-4829-820e-749ef7ae680d
725,edde0754-a8c4-4f5d-bc44-80cbfd9136b6
726,54c43d08-1ff6-4bd4-891b-02b8de3d848a
727,d8699225-71a0-488d-aadb-25c75026bee6
728,089c6312-dd8d-4e80-9240-35bd42dc93e9
729,0d8cae8d-223b-4cc5-affe-3bdfdd2fa107
730,bf604184-375a-48cd-a37d-ed5a2675b2ab
731,387b2f8a-24c4-4605-9707-5502f9ce0029
732,a963b636-1d5f-42a3-9bd2-8681ccc3743d
733,1d7f8d90-42bc-4f7b-9d09-dbe77a7dfc7e
734,0a9586a1-920d-4f88-a92e-abba0f98eb41
735,b2a482d5-c4ec-453a-acd5-b6b6b1842192
736,634b63c5-3ea6-4272-b532-13f8f3e15b19
737,9c0a4388-2b40-41c9-994a-0c52af65d802
738,5ba97c30-e20c-434e-8753-38d5f7008528
739,93f7bc74-b68d-4505-a63a-78783b23e17c
740,e637ea67-d810-4ae5-83b9-f93e7a88bb15
741,53fa5efd-fd71-41ea-9cfd-588ff1fcadd9
742,c2195fa4-ee18-4a3d-bb4b-67ab1e545aa4
743,b2e88ff7-afb5-4548-8f81-29a4d19f8d43
744,bf77a737-a86a-466c-a6a8-66295a58716e
745,4877d0d8-22ff-4283-b46b-87367e45a3b2
746,30efbe2e-36be-4ee6-a181-3c5bd3035508
747,611c38b2-da7d-44f5-811b-c3b2c68dcd15
748,2ba8d334-36e0-4d55-98d9-f9696637cc94
749,05fc0cb9-8e03-4878-a2a0-b7ae2a7cd850
750,f7afff63-f6df-4eec-abdb-9f998a5f3cdd
751,7bab6aea-c2f3-4761-a9c9-51faf20bc1a6
752,746ac968-b4b3-482a-8bd9-f670305fdd06
753,2b433a38-45aa-4014-9fe6-66ecf9d1fac5
754,d38afe7f-81f6-4df5-ac66-93e2be5b8a28
755,4b8e2a54-245c-4cec-9235-8f31d08ff47e
756,f8c27db7-0110-47db-9bac-bf95fb6cb227
757,03b85cff-da2c-400d-ad23-f3de1b06a112
758,4077c6f3-88c3-4f2d-9cef-0d214de6839e
759,58c7b79e-5e7e-42f9-a451-da2eb1ee23bf
760,6f27f308-4c99-4947-bb8d-a3c507abdaff
761,085e7631-1125-41c6-aa6e-7d8254adf7c4
762,0ce7af10-df5b-4950-8836-be4fdfab14ae
763,ddf888a5-2bfb-4bc6-a687-4ef88b2c5495
764,426d3fe545174c67b562a101f75d0a6f
765,1fa009d250344e9081e0fb66a7389162
766,9eb7c7b1465a4010aedbc332e5257a98
767,0dc8e33cf3d14a17b4c4a30fe88ac807
768,3e53165d6dd24259a2e4d66e06088fc3
769,ac5bd72d5ba94aec913669951ecb408e
770,dfe8e4b76f1840d69e58094dfb423a77
771,e3c8e302ce0540149d9c8cb33319440d
772,fb53f17fee804b3fa3f41ac4cc9ac7ee
773,bf3462a6f71a4f24a512b86cb17ea1b2
774,baf20b65ae4b41858642cf931ecf035a
775,6f94dbd07d9b4a52836c6e68d18a4180
776,1a0d9fc2999d4ba6aaf4a058fb3ed1c4
777,dae7da8ce9ee47a1a643ddbe0d801d5e
778,1914f62d65d849e0a08813dc49c0b1d3
779,4fab0055c4b840df915bc1c6a870cdbd
780,4e52ea080ab6423091f9b29646889880
781,676690a829c443a9b99602a1b90f4afd
782,3b582693a8d24781b27a99814429a2d0
783,77e8b2808cc04b82b3b2c8bec2a31d28
784,9ea656ed65cc473c912c9a7d989c7e7e
785,cd81c90cd52e49b79df647fb94d6a113
786,53ad24f5f6764210adb22a8471d57b8c
787,8679f1f7a4144298af27be4fe12fba2d
788,10d6ae06a3e14fc3ad33ae8081351b95
789,05c372538c984814b66bbf82376fdf89
790,ec9b7f535b5240019f36dba70e6c0691
791,d7d686adbbed45cba69072adc40a1995
792,b43da222da494606929839fc91dce87e
793,49e5871a74b64bb2b4c4018f0fb6d66a
794,7e8729d9805c459ba5551939de4bc27e
795,368a7a823a9d402ba54e899e86afa00e
796,e039228f376b421bbd96cfe63089f6bd
797,239fa00d17d246b6b1dec3efa239c592
798,25033e881a4e4dafbc4c9fd3be5875f3
799,1410e06e2186417daa5cd212849c70b1
800,7552194df06442749caf421e38c9f8e2
801,09c2d0c36a3f47aa9b9779465eb95f31
802,0a23333af2554bc686f6bd85ce4bd0c1
803,9f2a8cbe49394e69aef3b9a91d530ab0
804,98f116f2eab24405abfa549cc68471db
805,2e8162021a85476992f5ad9a36ada9d0
806,d27ae2adb5ef43418043b05720d7d502
807,5abbc43e32214678aea3509dbcd84df6
808,a581d4571721456bb89d254300c192bd
809,c7927fa73f7348969e8dba7f62a0430c
810,ecb1bb7cda514d9b9f6efbfa1062ad92
811,a2104916c65a4e23b259113201d99d1b
812,3a0bb77fdff84a64aa2e5c9210428be3
813,046eb65bb58941389d7f541dfb1f0d14
814,6e8a27eb4edc4e24a0e0ed39aedbcd44
815,d51196f9d5c14eb380a1241bfc184d83
816,25b8014cb0464c738d9bf39e566020d6
817,d743b4b8b58c4afd92f7bbd093984f67
818,0b9d0acd89034721b3516833f249c0ab
819,beabe5692acd4afcb0ac8cbd478e5ccb
820,535e90c0ae4e44cd9959760a481f356a
821,09bb2a8bb870464a8e94a89fa3b18425
822,d8f2ddae6e69464e8f788a4e99af7add
823,33aaf7d02a884ae48700995fc2157d7c
824,0cf4a27348e04cf0bfa24fafbc63238a
825,603d2611e44140a59b8cafb3a5aaa888
826,ac3a2a057d354b518a2d98146efc0aa5
827,a7f5082786ff4c6197940641e63a2ce5
828,6c06aa1b69ce4e26aa89bc65787d1a65
829,fa3195d1ea464526b9a014e35c704b05
830,c664e00d4d894b7caee11c00cee21a89
831,32c35a1bf2ff437a85d90a374cc13e2f
832,4ea28a6adf284cc9a9d51e666273d23f
833,e60de81d39aa4b8281b4f246818632d4
834,26dba8e0195b42e881b14e84f7ec1cb4
835,13ebf998282b482bb8afb552f3589266
836,7e5e3d1f339949dea5b9b60f5b47a52e
837,65cd08087f0f478ea8e329947ac254ee
838,0f645fe244db4c4b81ea2bbe2376b061
839,3527a1365517480c944ac6cd47a39a34
840,dcdd1861b74947e2bb51ce34aa6e07e8
841,e782c9e05a22413889ed8b772e6b4cbe
842,fb4e5113e21948879b37fe0324a1aa0d
843,a0daaeeb9dc04896a24ba9e4a5908ee0
844,ba71236f6fd44b64820131f545a475c8
845,e7275616856e4187a7c50a4b56d529e1
846,ec5f125f6759410d961505e13ba1f7c9
847,fc93162f1049493693a4e92e833b89d4
848,a3e92ba906ea40f48b09c33929728185
849,e1ea73ec124745339cd5722e4cb7adf3
850,bed27f5c-a8ad-438b-a884-c93a89bbc295
851,ec4d9f05-538a-4501-9461-bae178e5ec87
852,95af0bf8-9ee6-4f16-8eed-7a103d336b08
853,c90c84b8-67d8-4724-8fb1-322ba47ebca6
854,7fe932a0-035c-44c4-a1f1-427692f87187
855,bdea1c91-c13e-41ce-9e85-4aa2d6690830
856,4681c94c-54be-4cf5-9c31-fe9b1f48c599
857,e33a24da-1b73-49ea-9191-abd0f5dd676f
858,0fdb1a6f-30bb-4c4b-899c-7f6ca2fb6e1a
859,246cc4d1-5b5d-43fd-836d-61277e54d52d
860,b2ed05a5-daf4-45fd-bc20-9f753355a373
861,b3fe8910-1a97-4466-ab4b-5b8cfa0fb0cb
862,c9d3a0a6-e03e-4fb8-aed5-79d65d43c48f
863,04583c0b-3754-43f4-8fbe-485d15496f5d
864,51d2642b-f83b-4dbd-99a1-60e819969c94
865,66f0f53f-d29a-46aa-9361-f6c330580723
866,9f77de86-2a53-4a37-ab84-98e9392395e2
867,414b1655-517c-492f-a564-97f119358da8
868,95f8ca3b-f0c6-44f1-9560-e2167472b82f
869,0d382ce9-c682-4780-8d9e-0fe8623d0972
870,24331b5e-928d-410a-a9a9-c2252a7f6cd8
871,904663a3-6a18-41bf-a911-57c0089c010a
872,c8fdf68c-1969-4501-b337-760dc68790aa
873,f6cd1cd1-1f50-449a-b8e3-9a84936d80f2
874,49e24b4a-5b15-40e5-a133-5f21b64c3037
875,430ca004-4faa-43f4-a2c5-c9f9f82e0bef
876,801028a8-4677-44f9-9ffe-5ebb239fd2d2
877,6c54c5f3-78bf-4d31-a06f-6d0f68e9f042
878,a340667f-7d96-4b24-8ae5-604b97219840
879,677b6423-1af3-450b-882c-f5a73c980cf8
880,4dcad653-4e8b-491c-9142-e2f3aa0cda3a
881,85c93576-6216-4927-8e78-9f3ebd85e8e4
882,a8dc7af5-a7b5-4388-9981-c8c84d2a6f3b
883,496d81f2-b319-40c9-95c5-d6ed84bd44e7
884,e9feb2bf-0121-420f-afd4-9cd679374ec9
885,06a20115-5e51-4bfc-992a-b5086d4924ad
886,6cc21e39-8969-4c0e-93d4-66976c312308
887,9812ac2e-862f-4455-bfb6-d8065867ded5
888,dc7f1b90-0496-461c-bb28-1a0b0988c630
889,db7c51a4-3e36-4f79-8f42-527cd305b70f
890,be878f28-8da7-4b85-b295-0689f9baae5d
891,b489a235-9200-4ec6-9c50-889960973c4c
892,32819c46-4789-4ce2-8939-d718b141f3e2
893,ae7d243c-2738-4d14-8889-33f820535fdb
894,fb56a38b-9951-46c1-b484-fa1348c60aa6
895,46e0b885-db17-4f38-a223-e9c7a3385cd6
896,aea28393-27bf-4ea0-9a44-d3023858dccf
897,70ce1155-84d4-4997-b096-0bac96d45505
898,101b90ab-81a0-4eed-b367-4be8e48ccacd
899,485ec406-5b35-42f0-ae55-bc21bf312564
900,ecbea668-b386-46da-879d-0143cc0233c0
901,2aa77743-1701-4625-b16b-9b54c74c1cb8
902,c2a20ead-d407-4f86-b1ad-f768e9c7a528
903,6c297e58-40cc-4b7d-85b6-1a36cb1b2489
904,d8458223-2321-415c-bb3f-b2642ffa8ea9
905,c10df9e0-f9c3-49a5-8642-ab4364df84a7
906,c64b35a4-2eb5-4ab9-9879-76f2e6665b01
907,3df72cbf-46c4-42d9-9a91-558f2d6957ce
908,9148909a-efe7-4b45-8f08-f9e7bc0a3bf5
909,d83e5f9d-f053-47b5-84ba-b223ff1780b3
910,968b6e2c-3666-44d6-b8f4-ff845ead5eca
911,e8fdbb62-6932-42df-a52d-949294f9c4d7
912,67f66f33-15fd-4c09-a118-cff26d2f9f9f
913,6405a703-902d-4f30-9223-c8e85759bf56
914,9efd9ff9-9801-4390-afe6-d653fefc392b
915,4b83278f-0498-476d-b280-ad760f2e22a6
916,628fe7bc-e49c-47a7-927d-5a2a2b6dfe24
917,9c8c0231-8bd6-47f8-807a-9f3b934cee87
918,42c9551d-1e80-4dc9-99ff-5af5bd38d989
919,74bd5ad5-6d70-4cc5-88bc-1ff94ca7c513
920,173a8466-4eaf-4f9d-a7f2-0ecae35417d7
921,ded672c6-eb93-46d8-b27e-c32a645409d0
922,0966d572-162a-4f20-9e9d-60b40aa2ad1d
923,63df8755-642a-446e-87cc-043abaa1c5fa
924,7d2d9f6e-ec2d-4dbb-b1d4-db6824e4174d
925,aa3c06aa-9425-4342-9d80-852fb6a2c4a9
926,19995eac-ae65-49ad-9465-43e7d311c847
927,bec1becd-5007-4f87-8f74-0df13f986ad0
928,3bee8d36-bdd8-464c-808b-37ddc5034752
929,76fe125c-19bd-4b3e-9608-6a7ce114356f
930,7dd39576-3f22-4584-b613-e4461dfb44ae
931,33e39f8f-e2ca-4c67-9400-ee7c3d1c1313
932,63666137-426d-4921-b017-34f9a5c2d575
933,18e677e4-a312-4f5e-95ee-aa7cb83e41f4
934,f213468c-4e66-4325-91af-18dfb70656d4
935,0eabb89f-72e2-4cb9-b255-3d59a1e2bc16
936,8033ec82-f89b-403d-b7d9-0cdd3da01ee7
937,2dcbc1b0-649e-4461-9e67-25e0fdd6319b
938,2ebcd326-eeaf-4c72-8254-1fadf4a4d8e0
939,a327a880-8e60-42bc-b584-48a43fef6301
940,8e8c1283-bacd-4fd6-8468-7f6c79b6aa33
941,91733020-5637-4f1a-b53d-52966733ba62
942,e2c291b9-e151-4028-8752-ed67382af45e
943,cbe43365-2513-472f-ae96-815c773d1ecc
944,817338c4-294d-4f6f-9169-affce4703a05
945,444a9e76-4a11-481d-bbc8-75369c0e297c
946,7d012a22-6c0c-4bb5-8720-0c87ceb80f28
947,68c5b918-a568-480e-9ec2-d0a875803a90
948,480e546a-ced3-4559-a258-087d88e99811
949,ccd04b65-14a2-4287-a895-7ccb82e9a36a
950,5c8228b9-0b21-4cf5-8372-be207877160a
951,1337af86-a23c-46c1-b0f3-0143206e5e32
952,57a6d007-5da0-4104-bf3f-339a952b15bf
953,2885e2e4-5d1e-45c5-893d-017fc3c2cd75
954,f9799750-ade3-4c65-8ab6-3036a117660b
955,a0019979-fdcf-42fa-b08c-b1cc7f62d7df
956,3a7f80a6-54a2-467e-b4fd-66269bfc9269
957,3aebb017-6669-48ad-b557-a6f0616823b5
958,82264891-3475-48cd-93cd-3a2f5376c72e
959,9ce71768-249e-4da6-b587-f454aaac19d9
960,4c8334ae-8aee-427e-928b-5b79c0be8201
961,b2c16e0a-2576-4329-a35d-4f4c7687af8d
962,fe5cc17c-39fb-4b34-a340-f932fd7e3b89
963,bab2a644-470d-4f16-b965-5736afeb57ab
964,12d8fce3-542a-4398-bcf3-054064b9c6b9
965,12d12f6e-ed9a-4cc2-bd72-693332007e03
966,ba18dbc0-544e-433c-ae18-c2b7537c0360
967,d5574e19-3ee1-4eb9-8b3d-06a3247ee854
968,3b6cbb38-c9d4-44d3-9789-cfc9ebda76b0
969,54bba31d-67d9-4c64-9dc5-c5d780efcf34
970,9fbefed6-e573-4097-8ec4-5e2a446bb0ad
971,a2615d91-1200-4709-a738-99bd4970f1c6
972,898a576a-4fc5-486d-b65c-43d27d6591c6
973,814948fa-9997-46ee-81eb-8cf965a6eba6
974,0bfef756-b8fc-48eb-a688-0f64db2d46fd
975,c8370c02-4333-496e-8b2a-0ac700e26f9a
976,0689babb-5b0c-42bf-a109-c59190e45506
977,932101cf-0bc9-4b83-9a5d-a7295822fc61
978,b955bae6-1a10-486b-8661-3bb0835e5b0c
979,e502b0e8-65b8-46b3-ba37-898783260acb
980,7fab157a-cb36-46e6-bac5-aca82a980409
981,9545aa18-494e-490e-adb8-241452f03a2a
982,ee271dae-abcd-4b17-9e22-7b5ff4d2c4bc
983,87ee967b-d571-415e-bffe-731d44515c5e
984,f7a2a087-40e2-4ea8-a4fb-bdb858e72d47
985,7a9815e9-a057-4d4c-a7b4-8fba5a64e40f
986,7c81d65f-229f-4ad3-933d-58f81cd720b6
987,d65a1ac7-4817-43bd-8087-28198dd2f01e
988,5bc2e333-978c-41fe-a27d-95832102133d
989,d220455e-1171-45ce-b8b0-78dcd7d67c72
990,b2f081f2-02c6-4838-8094-da295ac52766
991,4c134d1a-c80b-4ef6-8a3f-4fb4051833b6
992,1de6fbb3-4f5f-488f-8587-bd6cfaba5a0c
993,be13f962-3b93-4dcb-a19f-3279cb527ec0
994,72500e1e-3c69-4630-b0ad-4b0c3a7f381f
995,b6cd482a-ea64-4009-ace9-dd8a7982ac18
996,83f5f82d-f45a-42de-a193-7995cc476652
997,5e7cf761-7712-41b9-9d53-3bfa566e742a
998,74b19e0a-3fae-4d4b-9718-d8fb932bbbf2
999,85d09297-fdd6-46ac-9689-d18b516206fa
1000,b2beb4d7-9109-44d4-b2bf-a53db0ee8105
1001,20cab6ee-ae82-4a5f-83a3-08afdc32780a
1002,2012e616-3492-441f-86c8-16594a0c4bea
1003,7b89f7e5-40c7-40a7-80c3-750ab9394385
1004,82324c24-bf48-4d01-ac12-bcc5e33b296a
1005,1ce7b2c1-379d-4a23-8f68-e328e511f75b
1006,61ffa0b2-edfd-4360-9a07-669b0a058a42
1007,4b4d6280-4ffa-4ae7-b148-864366e94059
1008,661bc6f8-63c5-4e2e-9708-37ea19016f0f
1009,e4481a23-7e46-4c03-a9e7-1f6203fff2c1
1010,b4c6a736-3e97-49bd-8130-b17b0fce8039
1011,3616172d-9978-4818-afab-bd2ad148c242
1012,e5abe0ea-b21b-43fa-b8b7-2ab976d85b35
1013,57a69e4e-82d0-4377-83e4-3c2b1f572254
1014,0218c51d-6b1e-4f49-8a85-0adcaf69c323
1015,885c3545-a6ca-424d-a1d4-7091b842d06c
1016,ef976584-fc24-432f-a608-63ad9e22f443
1017,896a312d-750f-4a24-828d-4ba1c57a63cf
1018,1b4f5991-8a46-4f79-8501-239ae29114d0
1019,b0cb1401-ecb1-49d4-83f0-29ecfe704286
1020,551aa597-3ff0-42fe-ad70-7aad33244055
1021,62d99bde-7420-446d-a448-4015c6f1007f
1022,260b88e2-1da1-451d-854e-f9daa702b17b
1023,2a938693-0440-46f0-b48b-8281dc562f4d
1024,949f7025-faa8-4fe0-9aa7-4a27b796d1ff
1025,47ba595f-611b-4e99-9a5a-0c20a1ef51d7
1026,3740f7c2-6442-4c4f-9220-548696701693
1027,e4e624a5-35bf-423d-be22-74941838cf31
1028,ac5397fa-6667-4f5d-ac81-ce4fc6b5127a
1029,8edfbde0-bf44-49d8-b9ce-3ef320c92e7d
1030,9b4745bd-64cb-4bc0-93c6-b9c88eb85cc2
1031,63efac18-8b0a-4394-9191-002707a2bd5a
1032,a71e6192-b5d0-4599-ac9f-208cd0e7fafa
1033,4e489616-4fa0-4631-aeca-dd078f7ad11e
1034,5730374c-4105-42be-92b2-9157b2377153
1035,0bffd4e7-49a5-415d-af72-da4333dd8441
1036,3c6f9ff8-bfd1-4746-b36e-c7712e0df332
1037,a199142b-e054-44f2-9ebc-ece0ca5145ef
1038,a870d5b1-c11b-49f9-b486-bc576b5871ec
1039,f5d1987f-8016-4ece-8699-151610d3e9ae
1040,bb613f99-3ef0-4cef-a87c-5d8fe55ba32e
1041,cb06d176-039d-4000-a073-048dcbe31bc7
1042,05de5a89-8e25-4be7-a69f-971e9125d38b
1043,8536fea5-6b16-4e24-b9ee-1051ef09a314
1044,aaec1e37-dff0-491d-b4db-9f5f453d4fa6
1045,7441b475-1a0c-4e81-9053-b1ef329103c0
1046,7af4d91a-6606-45b4-9002-529a5502f7b9
1047,86462803-545b-42fe-ac0d-3c8103e47983
1048,0b611ef5-47fe-4a93-9df0-f43545191729
1049,28365636-a773-43b9-83f3-d92a77a7e0a9
1050,1dbbaeab-64fb-4b87-8bce-f42a4747d219
1051,34308710-4f86-43a5-acfa-62aab11e2fa0
1052,c6ed7eac-89d9-49dc-b486-7675a14dfbba
1053,1d7644b1-d334-49a1-9dba-7d4d64291025
1054,3d6b5015-b077-4b0d-844c-c8505c0bf259
1055,2f7a6fc0-45ce-4281-aa16-e5167af28b42
1056,dfa7a7ab-db42-4b83-85ad-a9824a2944ab
1057,9a9c8659-e410-4f29-a1ab-05a2a57df17c
1058,d3869e9d-080d-4fc7-b421-6f1f7ef44f76
1059,b15434f3-549a-420e-919e-da8857c99459
1060,32284614-c770-46ea-967d-28659a58cf66
1061,86249d0b-acd8-4d6a-b53f-dd291647d681
1062,8a53187d-ad9f-4a31-968c-48291c1dc14c
1063,f19d677b-9674-4711-b609-14bb6b5bd1c1
1064,2f189caf-6f2e-49ef-93a7-014228a5be89
1065,e86cd97f-8577-45cf-aed0-2cde491d0f54
1066,d5c72cc3-6a50-4593-93c0-b7a81b043106
1067,be3b6628-d093-4757-9c11-bb599e7be6ec
1068,7b2f4ae2-1876-4f30-914e-cb767e74e620
1069,5acbf464-624a-40dd-8e5a-123f1f7dbc48
1070,ab86618f-b965-457a-9c28-c79810328109
1071,b4f4ac27-ea78-4076-8d17-3e1f7f3e206f
1072,34d162ab-cc02-479d-96e7-ae87d44c464f
1073,5fdcf724-53a1-40f0-b21f-d201873fc466
1074,5e8f2be1-c493-4a29-8852-f96fc90e24d2
1075,e7b07f47-33ed-4efe-8fe7-fa6f018c91f5
1076,5930dc83-db45-4b6b-9e4f-393a1893adc9
1077,747d1cb3-a78b-4d71-8d56-69b8cbfe858e
1078,bfc32c4e-5546-466f-94fd-160c859ecf91
1079,7c02d58b-0506-4293-a0dd-9a24cdb985e2
1080,90e2e1b1-856d-4866-8f41-63e280c1bd27
1081,7d8b90ca-f16e-4239-a7dd-3080fce4c6a8
1082,0c3b912d-8119-4e6d-a3d0-64547c1f5d65
1083,e13ca336-6937-40e3-add6-f0224bc90380
1084,91bb7a9d-c19a-48d8-97a1-029d973cd426
1085,f9ddd098-fe17-4487-8d1c-7d24ba1dd215
1086,399ab154-e703-4dd1-969a-d5d358019e7a
1087,1a2f53b4-502d-47ee-ada9-036bfd9a927f
1088,34f00c81-47c8-4b24-b8a3-4fe2a2b246d1
1089,b4190953-029c-4f6d-bca4-dd2e9de47325
1090,0dc40083-4e71-4d1d-b513-211364685767
1091,5daf1178-fa18-4ff0-91d7-f37cfae05b0d
1092,c66c2c99-542f-40ca-b58a-b54f10d2086e
1093,7a260fd1-09b4-42d9-b1c4-88947c1d7f18
1094,a9145936-21d7-4520-9a1b-e867af05c61c
1095,fa736427-2118-4abf-92db-23f9c79d960e
1096,028aad39-83c3-473e-b975-1eee9d69ee1a
1097,427130aa-f570-4cb9-aa5e-e1d3e3b618a9
1098,22fb1a50-7b5c-4308-878b-1871547a85e7
1099,f92658e5-a852-4d4b-bb4d-1b861dbf7960
1100,ae9ceb53-32d2-4d92-a410-bfc98e168fad
1101,76464e58-769b-4131-b814-71bec07d9c54
1102,38dc34af-026a-4a52-bcd0-97356ff35514
1103,b56f929e-d30b-44ec-9fb7-dba4f7540ce3
1104,0a1b5a5d-9c5e-45f4-929d-e2a5da17909a
1105,31025466-99bd-4c45-a51f-77b2ba99c627
1106,5234d61d-0835-42e5-bba2-de69092c8002
1107,9bd4829b-912e-4193-bc2f-5cbbb339de52
1108,9fe9ed59-de28-4d26-8d07-562f7a2a36f3
1109,93a3032a-917c-47d7-938c-6823f5954237
1110,d46a842b-4542-4603-a7d9-08a8f219fe99
1111,d7639cd8-db3e-4d84-ab50-24aad723722c
1112,8b258717-60a1-46a9-a272-c929ef614267
1113,e558447a-5c0d-4d0a-8997-81067d1e351c
1114,1bae0937-2d13-4db1-a512-30f791489bd1
1115,f5f6565f-9aa5-4c5f-bf5a-e41dbf9dedde
1116,a1facdd9-39c2-47a3-ad50-fd135473d415
1117,cfac6939-b342-4549-897f-d5d28026dec0
1118,48a9cfb4-af28-450a-b6ca-e1fe8b6817f2
1119,f5e4b2bf-466a-4cf2-a130-a33e307cc145
1120,32126cc1-d08a-4ca7-946c-34b466235875
1121,149268fa-83e9-4e9f-8a76-3e272eccd763
1122,53aaf99e-8598-4421-b538-fd016fc1a961
1123,eb37c7d0-c49f-4543-9a2f-2ed0431af9b4
1124,bbda2d45-9df2-4a0b-be70-3e0c5d2d66ea
1125,ac941e29-724f-49b6-9263-e98557afc062
1126,85e71ba9-2361-480a-ad93-27c64f198472
1127,ca5471c2-7e8c-4142-86f6-fe5900f2a58a
1128,87057d3d-dbc5-4ac4-8819-169a58a3023b
1129,9cf674cf-e833-4ef0-b964-6b325617197e
1130,a263f147-7a90-440e-ba5f-e019f26b36d6
1131,4ec1f332-5936-42b4-910b-2d8108324f99
1132,924913da-c4f0-4354-8e54-ae849be2479b
1133,98cbee38-d1df-4065-8acc-a9d9426cb5e4
1134,78c2d6a0-6927-4f2c-afe3-04aed7e6173d
1135,ded1b3cb-a767-45af-ace7-5b7442ee519f
1136,73d42176-fde4-4f4f-ad14-786bb97c66cd
1137,9330ad67-27af-4eae-ba01-a68f554327ac
1138,6b62ccd9-8d0c-4f30-8638-075871eaef25
1139,c1ec3785-c59d-444e-9d20-bb3c295c5285
1140,7973b203-b338-4187-93ce-a101f5a95238
1141,2e28e457-5330-4a1d-96b2-d2f465988bc6
1142,bfd8b582-1835-4ff9-ad62-d0d4dc3f0be8
1143,19c802cd-f035-4c48-b4b2-6a1bd14422dc
1144,72cd24e5-5401-49b6-92e8-91aaf608c032
1145,790bfb0f-658e-475f-a0aa-6b906dd5cfad
1146,dc432f19-26a5-4349-808a-44f13014aee3
1147,6f4c20ab-9a5d-4111-b501-3ce0a3768b3f
1148,9e076985-bfe0-4b78-a70a-45ad4670f6e4
1149,d20048b7-78d0-45f4-85ee-d73549dc5063
1150,341c70c7-437b-4d5f-86a2-c0f54081f4c0
1151,05438795-4d13-411b-b6e9-5df99c82088d
1152,3a6eda9f-29d2-4671-beaf-ebc4ed6f112a
1153,4e574b97-53ac-4066-9011-caf81cb6bda5
1154,af51fdde-6c44-4909-a25d-3fb9038a0795
1155,d63912c2-abe7-4312-9524-27b8a548d237
1156,af78b69a-029c-45e7-ae22-b18f6d858ced
1157,4128e8ad-6cbc-4742-8eba-5bacb6bef98f
1158,ff48ca56-8627-4268-8815-571d5c75707c
1159,2735a915-a48a-4abf-ba73-d5484eb03453
1160,24a64081-f700-415e-a940-0b9663862e4f
1161,53856137-81f1-4b8f-ba52-b270ff80a2f0
1162,6b176206-bbcc-48cd-9555-d9b03b8f0f5c
1163,89233e9a-6efa-4ce2-a9a4-e30ad135f02d
1164,5826ec5c-acf5-4345-959c-509d8be07028
1165,11554bef-58bc-49ee-a0f0-bd72f44c25e1
1166,8880dd29-0c3f-4aa5-a1b6-6b621da41186
1167,b58cdb93-674d-455e-974c-8bb47fb66487
1168,700fa838-1fc0-4fc9-a929-05e59f5b4058
1169,5344e836-ad9f-4987-ab31-4082c7edc2c2
1170,708e294c-2498-4f8b-ab4d-04b2b5fa1bf4
1171,97c01258-fe1f-4d31-bb04-a7615ecdf7c3
1172,97a92166-9023-4807-a333-1aa77dcf40cd
1173,bc4ee312-08f2-4465-9167-3d95c7da31f2
1174,5c24bd98-e182-407c-ae5b-07b883285e44
1175,b8bcfe55-1cbf-4e6e-ab67-d7eeb56183e1
1176,849f3b95-ac4d-473a-b4c3-2f7c5ac74897
1177,a2737bab-9433-4fbb-97b4-2656e2a54185
1178,3722b222-0c47-4b66-91ef-444057f1643f
1179,bae535ad-6f96-4ad3-8a37-73c8d5e4775f
1180,6524f65f-9713-4221-9d37-9e6f6ab52f86
1181,b4d6b4c9-8fc8-4c1c-8025-1054a9cd8c64
1182,684297e2-b596-4655-b3eb-ed517a0eca44
1183,d42d95c0-9af6-4a1f-834d-a746fbe0e2f3
1184,3984cf59-c97c-4d95-bbd9-8dfb2e7b82d5
1185,6b7ea0d7-bd1e-48ed-9b7b-acea68b28050
1186,83a4893c-c90d-4a7b-89b5-71dfb901c6df
1187,5557fb62-9554-4e2e-84cd-cef307b817ca
1188,ccd6919d-31c9-48be-8b87-11eb064d4671
1189,a816d4c9-6817-42c0-804c-30651f98e33b
1190,83fdef4c-08e9-43e8-beed-2a649d44c4f8
1191,5aa38f37-0c09-40bf-a6b7-fb551985de04
1192,8f05d3a6-f617-4d24-843f-b27fd9177ee0
1193,2ade4d04-b48b-4fe6-a1ce-95557de81c86
1194,a0b364f8-b93d-4561-bac2-b716cbff63f1
1195,bbb2c43f-a5c7-46e9-af6b-efe74e4871d1
1196,c2ab0052-83bb-44bd-9233-ea89de95b837
1197,7f8f45c7-4f6f-447d-a817-d6afa22f8f1b
1198,87b5dc03-2596-41e3-b55e-644c948e4ca6
1199,b066e1af-e4aa-4769-a5ee-59b2759f5a2c
1200,dfae79d4-0bd5-458a-a6fa-f2195a1a0bbc
1201,ba1659ce-c279-4031-bc70-f75b4498e9f1
1202,957bbad3-e730-4fba-b80c-20f8ffdf04c5
1203,56cb3646-3e43-4a04-b880-d7f6b8a19f4f
1204,242a482d-8cb6-4038-a0b2-1da61923ed77
1205,9bb87e55-3710-4bbe-bd3d-531c84cd082f
1206,55497663-d0f3-490e-aae0-fd90ec2e946e
1207,58f4fb82-0cd5-46b1-b376-cd996353127c
1208,b1f0def5-2c60-4471-8277-e9a665fda60c
1209,5052bb29-c6da-495f-bf88-4eec1eb294b3
1210,0a56c1c9-0a39-4362-afbd-7cbd665443c8
1211,46ffdc12-5678-4f24-8762-d85d11b3c9de
1212,2d1389fe-e7eb-4155-a0c1-a4cf35672f26
1213,e098a96d-29cd-44a5-a90f-f15782ef4930
1214,945773aa-1825-4e89-b15d-d171f6fcc9d5
1215,46c48872-7067-43ca-9cd2-ff914ba92930
1216,2ee338e8-b709-489c-baa5-9c768a47c910
1217,23b4f0f7-e892-4242-99af-c58976f488b5
1218,44c6b157-8146-4e4d-a422-dd8c7a5dbfc1
1219,201ee863-284f-4921-9759-6c8c132a2379
1220,6a43aff1-e3a3-4e49-bc7c-fccb7884223b
1221,35eed231-ee42-4ee6-95c6-e9f878c8bf3e
1222,b22d17bc-fc3b-4ca2-a2d5-7518ff87c668
1223,46e022e6-425b-456c-89ac-a2d0c331b29e
1224,ca12543e-8d3c-4407-8459-ed438af4c273
1225,a9d5ee6f-c775-4bc1-b736-606834dd457e
1226,d94e1cbb-ebfb-4805-9ad7-0c1c73f1d747
1227,07dcec25-267f-4584-8335-43611b62060b
1228,fc841592-8ece-4547-b031-a367172f807d
1229,98d44291-1e55-4e42-bdde-5db6fda16a07
1230,667e29a3-c1f1-4d53-9854-b6ad19ea7438
1231,a425b77d-8777-4dfd-b4a2-5ba121e133b2
1232,5791ca4c-3d85-42ae-b3ab-41ae8e5bbd7f
1233,0ad79909-887e-41f8-9b01-0d24392a1448
1234,c15ff4a8-2462-40db-bee7-3b10a4d6e624
1235,1372ab9c-3ba0-45fe-8fc6-aee99768e221
1236,c89d671d-de21-4283-926c-0eb4c346fbff
1237,7afd10f7-9a0d-48f3-9475-5c151cadfa06
1238,3bb2efc0-59bb-41e5-a4d6-7fed88589108
1239,930ad2cb-f935-4828-8c35-e545b7d5bedd
1240,7550bf8c-19b4-4371-8c95-28f0d31ae0a3
1241,4065a5a6-09d8-4052-a72d-d6e066170801
1242,523b76b3-4732-4ebc-93e0-8f7ff8dc23f5
1243,6d4e0066-a7be-490d-8f69-1a77e229024b
1244,237a7fd3-462e-4673-b204-f9c49bd4ee7c
1245,daa0dbcc-ccf2-4b55-9a0f-344b47d9ceac
1246,41ceb944-016b-4e43-9dc5-14e7deebfbe5
1247,4ba1f153-32f1-4e1c-a26d-78d159590575
1248,710beb0c-c074-49ad-9bb7-9e308658f302
1249,11d9de84-bfa3-4959-b6b4-d371b63fcdc3
1250,d055de17-be98-4d7f-b0d1-0a6c109a4aad
1251,df0a2453-07d1-4b5d-b14e-7c092bac1dc4
1252,1963d245-5ced-4b68-8e73-83c210c8a0ed
1253,f33a3729-a899-48b2-96b8-ee389d3fcf3e
1254,6cff0a11-5f80-4d40-ba58-7d197ead7ddb
1255,ea2d2476-5670-4689-9784-03f9e9d6d5d5
1256,050fcd8f-9a68-420c-afd2-3e44e3e171c3
1257,37d8ae39-2f59-42e7-85d4-748164aff506
1258,dab6bd4a-2af0-474e-b148-ecc5da9b1741
1259,75ea76c6-f324-4eec-a26c-d0954821d04b
1260,810e23f8-fdaf-4371-ab62-8f6ac0867493
1261,0e35f3ef-c628-4067-9aa9-01f0ba1848b0
1262,14b560f1-551e-435e-bc11-2cea7ca3b578
1263,f69ff18e-8166-4563-ac73-c76cb6c9572c
1264,507f4a6d-a2f7-4571-96fb-818520b5300f
1265,2bc7361b-5e83-4d2e-9918-7362eb6b5f58
1266,a5664b67-6cfe-4136-9532-727d04967762
1267,cb57186f-457d-49d6-9e78-399b17e7e1a0
1268,eb302cdb-1fbc-47c0-b7a8-63e4326d5259
1269,604bdd68-fb9a-417b-b671-a0a83df9401b
1270,38b45041-6842-4606-9969-9bf303f11707
1271,078dc875-f8e5-429e-a75b-9f37f6a07ef0
1272,b6e248d5-26f0-488f-8551-796ab2d9c3c6
1273,ac1fbbe3-39a6-4723-9704-053b6a62dca7
1274,6b7668ad-0499-441c-b797-719a39d66999
1275,d9cc7991-6c0a-41ac-96ba-e3955e7e53e9
1276,12b00c72-64a3-4a6a-8ad8-d366798e9928
1277,bafcf95d-658d-4e8a-87ea-f895215f0b5b
1278,3b675f5d-957b-4c8a-9193-b248a647b8a6
1279,7d27ff3f-1b38-457f-b1b0-c59b73d2fcb5
1280,ad8591a8-f0f1-4117-8962-1c2a5d704478
1281,ed2032dd-91c0-4269-ab8b-2b2f412e6707
1282,a98a594a-f611-48e1-bd9c-d902151e289a
1283,361c4f90-9605-487b-a23d-c76987f26cb2
1284,57b0ca8d-b4f9-4046-8e64-8a7c9512bfdd
1285,c3adf685-532f-4fc6-8a81-4273cb4dcac9
1286,0c8e5899-0282-42cc-b700-46a595179006
1287,e98c0d46-e29f-4838-90cf-1909f3ca1130
1288,5d983567-d89c-49cb-a444-88d503bd3835
1289,06f2ef82-e72b-4f9d-b0be-5eff0995b242
1290,38e6722d-88fb-43c4-9dc6-460a8e267413
1291,3fb5127a-7dba-449a-9b9d-97054656b210
1292,46134c97-70ec-41e5-a64e-b034767ad5fa
1293,011f3ffa-448e-429e-9f09-8e86bac13308
1294,b72a688b-81d8-4832-8735-877050b48f5a
1295,e90c427c-eb66-4d74-86d0-5fc9be3735f3
1296,bc496409-0102-4394-96f7-5e3eee312bbe
1297,d18f656c-603d-415a-a753-21799508f50b
1298,f1d46538-d0c9-4b27-befb-11bf9eb51214
1299,eb12a0d6-aba6-4fb4-8c10-75feaba4a9af
1300,ed208466-304b-4e03-9658-ad1c4edff861
1301,9d313dcf-ab08-4f47-9284-52d042a02575
1302,cd464a3b-5c5b-44c3-b602-69786bec35da
1303,5d87be6a-35dc-444c-bb59-d6fd5a13abd6
1304,a9b5a62a-89d2-4f5f-9867-c01ec00f86a1
1305,f97cece6-fc32-43b1-9fce-df42e12a7990
1306,86c81f27-d6a3-4e75-bd83-a7e7f46ddd61
1307,9d5a743b-a859-4591-aa8c-5c83b692320f
1308,6b64ae8d-1baa-4842-b293-b94f499e6c9b
1309,2b8ccbe5-a1e3-4e2f-81fe-f63b040cc61a
1310,77fd19ce-f135-404e-9a4d-b4cda5de514f
1311,71a521b7-f08e-4b88-b50d-2efc17e6a016
1312,2709e542-3b70-4443-9bec-1e8f5ac47b39
1313,f6c9cf39-98fd-4ac4-9760-8ce56d558548
1314,aba9b7e8-3f94-4448-bb0f-ed7a5db944f6
1315,39808c27-ab23-4b5b-a02e-cfaa3c49d10c
1316,9d393c58-ded0-4c0e-88dc-2b1c90203d02
1317,8e0f380c-5975-46b5-86b8-146419e6feb5
1318,45be68f3-862b-42cf-a9e5-9ee04b7c40f4
1319,cad6c634-4979-4b33-9aa2-846bd22a61e5
1320,f6f80f54-ef7a-4e0f-a0c8-708503f9cf80
1321,f1c45d8e-4bc9-4445-902b-fee5beb45805
1322,b4f94d99-158f-4027-8abf-2a069a8a342d
1323,8ef51040-58fd-46f3-bc62-af28660d64db
1324,4d698019-bf3f-4cbe-bbd6-d38d24eb31da
1325,759ea24b-5411-49e9-8f76-7b965cfb3271
1326,f1578095-6472-4978-b089-75baf4c4310b
1327,f147e4e6-6620-482a-a47e-98767a54b74c
1328,6cf82d69-cc72-4697-95bb-fe8a3cdc0614
1329,a51c76a1-3431-46d8-9f16-83870a5c8132
1330,ca18fa7d-1404-4631-aa8e-46e6708504d6
1331,59cef325-2860-4b5e-8528-e519f01927b9
1332,501aba77-53b6-4a31-bda7-4a2f05c64dba
1333,6d92401c-58a7-481a-9b7a-f34459d0c8be
1334,2903bc6f-961f-4617-a4e1-b82b3241edbe
1335,a9069671-316c-4168-81a6-260bac1a5050
1336,b8af25ae-04aa-405b-91d4-91b110ff5ef6
1337,c5bf4ed2-c347-4247-aa5a-d2ee8cd751bb
1338,5a612e70-4d8d-4026-b64f-e5932a497f88
1339,3a419259-79e3-4ffa-846d-3284f80cbe98
1340,d8f3843e-d83f-4f29-b756-47daec8791e0
1341,374b412d-8a0d-4e01-84bc-38928bcab8b0
1342,a447ddff-3287-4775-942b-a62e51cc7abc
